object_location,image_small,image_thumb
/objects/CATALOG8.JPG,/objects/small/catalog8_sm.jpg,/objects/thumbs/catalog8_th.jpg
/objects/CATALOG9.JPG,/objects/small/catalog9_sm.jpg,/objects/thumbs/catalog9_th.jpg
/objects/DSCN0086.JPG,/objects/small/dscn0086_sm.jpg,/objects/thumbs/dscn0086_th.jpg
/objects/DSCN0092.JPG,/objects/small/dscn0092_sm.jpg,/objects/thumbs/dscn0092_th.jpg
/objects/DSCN0418.JPG,/objects/small/dscn0418_sm.jpg,/objects/thumbs/dscn0418_th.jpg
/objects/DSCN0419.JPG,/objects/small/dscn0419_sm.jpg,/objects/thumbs/dscn0419_th.jpg
/objects/DSCN0421.JPG,/objects/small/dscn0421_sm.jpg,/objects/thumbs/dscn0421_th.jpg
/objects/DSCN0422.JPG,/objects/small/dscn0422_sm.jpg,/objects/thumbs/dscn0422_th.jpg
/objects/DSCN0423.JPG,/objects/small/dscn0423_sm.jpg,/objects/thumbs/dscn0423_th.jpg
/objects/DSCN0424.JPG,/objects/small/dscn0424_sm.jpg,/objects/thumbs/dscn0424_th.jpg
/objects/DSCN0425.JPG,/objects/small/dscn0425_sm.jpg,/objects/thumbs/dscn0425_th.jpg
/objects/DSCN0426.JPG,/objects/small/dscn0426_sm.jpg,/objects/thumbs/dscn0426_th.jpg
/objects/DSCN0454.JPG,/objects/small/dscn0454_sm.jpg,/objects/thumbs/dscn0454_th.jpg
/objects/DSCN0455.JPG,/objects/small/dscn0455_sm.jpg,/objects/thumbs/dscn0455_th.jpg
/objects/DSCN0456.JPG,/objects/small/dscn0456_sm.jpg,/objects/thumbs/dscn0456_th.jpg
/objects/DSCN1298.JPG,/objects/small/dscn1298_sm.jpg,/objects/thumbs/dscn1298_th.jpg
/objects/DSCN1299.JPG,/objects/small/dscn1299_sm.jpg,/objects/thumbs/dscn1299_th.jpg
/objects/DSCN1301.JPG,/objects/small/dscn1301_sm.jpg,/objects/thumbs/dscn1301_th.jpg
/objects/DSCN1303.JPG,/objects/small/dscn1303_sm.jpg,/objects/thumbs/dscn1303_th.jpg
/objects/DSCN1304.JPG,/objects/small/dscn1304_sm.jpg,/objects/thumbs/dscn1304_th.jpg
/objects/DSCN1306.JPG,/objects/small/dscn1306_sm.jpg,/objects/thumbs/dscn1306_th.jpg
/objects/DSCN1307.JPG,/objects/small/dscn1307_sm.jpg,/objects/thumbs/dscn1307_th.jpg
/objects/DSCN1310.JPG,/objects/small/dscn1310_sm.jpg,/objects/thumbs/dscn1310_th.jpg
/objects/DSCN1311.JPG,/objects/small/dscn1311_sm.jpg,/objects/thumbs/dscn1311_th.jpg
/objects/DSCN1312.JPG,/objects/small/dscn1312_sm.jpg,/objects/thumbs/dscn1312_th.jpg
/objects/DSCN1314.JPG,/objects/small/dscn1314_sm.jpg,/objects/thumbs/dscn1314_th.jpg
/objects/DSCN1315.JPG,/objects/small/dscn1315_sm.jpg,/objects/thumbs/dscn1315_th.jpg
/objects/DSCN1396.JPG,/objects/small/dscn1396_sm.jpg,/objects/thumbs/dscn1396_th.jpg
/objects/DSCN1398.JPG,/objects/small/dscn1398_sm.jpg,/objects/thumbs/dscn1398_th.jpg
/objects/DSCN1399.JPG,/objects/small/dscn1399_sm.jpg,/objects/thumbs/dscn1399_th.jpg
/objects/DSCN1400.JPG,/objects/small/dscn1400_sm.jpg,/objects/thumbs/dscn1400_th.jpg
/objects/DSCN1401.JPG,/objects/small/dscn1401_sm.jpg,/objects/thumbs/dscn1401_th.jpg
/objects/DSCN1538.JPG,/objects/small/dscn1538_sm.jpg,/objects/thumbs/dscn1538_th.jpg
/objects/DSCN1539.JPG,/objects/small/dscn1539_sm.jpg,/objects/thumbs/dscn1539_th.jpg
/objects/DSCN1548.JPG,/objects/small/dscn1548_sm.jpg,/objects/thumbs/dscn1548_th.jpg
/objects/DSCN1549.JPG,/objects/small/dscn1549_sm.jpg,/objects/thumbs/dscn1549_th.jpg
/objects/DSCN1553.JPG,/objects/small/dscn1553_sm.jpg,/objects/thumbs/dscn1553_th.jpg
/objects/DSCN1558.JPG,/objects/small/dscn1558_sm.jpg,/objects/thumbs/dscn1558_th.jpg
/objects/DSCN1559.JPG,/objects/small/dscn1559_sm.jpg,/objects/thumbs/dscn1559_th.jpg
/objects/DSCN1570.JPG,/objects/small/dscn1570_sm.jpg,/objects/thumbs/dscn1570_th.jpg
/objects/DSCN1571.JPG,/objects/small/dscn1571_sm.jpg,/objects/thumbs/dscn1571_th.jpg
/objects/DSCN1572.JPG,/objects/small/dscn1572_sm.jpg,/objects/thumbs/dscn1572_th.jpg
/objects/DSCN1573.JPG,/objects/small/dscn1573_sm.jpg,/objects/thumbs/dscn1573_th.jpg
/objects/DSCN1574.JPG,/objects/small/dscn1574_sm.jpg,/objects/thumbs/dscn1574_th.jpg
/objects/DSCN1576.JPG,/objects/small/dscn1576_sm.jpg,/objects/thumbs/dscn1576_th.jpg
/objects/DSCN1577.JPG,/objects/small/dscn1577_sm.jpg,/objects/thumbs/dscn1577_th.jpg
/objects/DSCN1584.JPG,/objects/small/dscn1584_sm.jpg,/objects/thumbs/dscn1584_th.jpg
/objects/DSCN1585.JPG,/objects/small/dscn1585_sm.jpg,/objects/thumbs/dscn1585_th.jpg
/objects/DSCN1588.JPG,/objects/small/dscn1588_sm.jpg,/objects/thumbs/dscn1588_th.jpg
/objects/DSCN1590.JPG,/objects/small/dscn1590_sm.jpg,/objects/thumbs/dscn1590_th.jpg
/objects/DSCN1598.JPG,/objects/small/dscn1598_sm.jpg,/objects/thumbs/dscn1598_th.jpg
/objects/DSCN1600.JPG,/objects/small/dscn1600_sm.jpg,/objects/thumbs/dscn1600_th.jpg
/objects/DSCN1602.JPG,/objects/small/dscn1602_sm.jpg,/objects/thumbs/dscn1602_th.jpg
/objects/DSCN1603.JPG,/objects/small/dscn1603_sm.jpg,/objects/thumbs/dscn1603_th.jpg
/objects/DSCN1605.JPG,/objects/small/dscn1605_sm.jpg,/objects/thumbs/dscn1605_th.jpg
/objects/DSCN1606.JPG,/objects/small/dscn1606_sm.jpg,/objects/thumbs/dscn1606_th.jpg
/objects/DSCN1607.JPG,/objects/small/dscn1607_sm.jpg,/objects/thumbs/dscn1607_th.jpg
/objects/DSCN1610.JPG,/objects/small/dscn1610_sm.jpg,/objects/thumbs/dscn1610_th.jpg
/objects/DSCN1611.JPG,/objects/small/dscn1611_sm.jpg,/objects/thumbs/dscn1611_th.jpg
/objects/DSCN1612.JPG,/objects/small/dscn1612_sm.jpg,/objects/thumbs/dscn1612_th.jpg
/objects/DSCN1614.JPG,/objects/small/dscn1614_sm.jpg,/objects/thumbs/dscn1614_th.jpg
/objects/DSCN1615.JPG,/objects/small/dscn1615_sm.jpg,/objects/thumbs/dscn1615_th.jpg
/objects/DSCN1616.JPG,/objects/small/dscn1616_sm.jpg,/objects/thumbs/dscn1616_th.jpg
/objects/DSCN1617.JPG,/objects/small/dscn1617_sm.jpg,/objects/thumbs/dscn1617_th.jpg
/objects/DSCN1619.JPG,/objects/small/dscn1619_sm.jpg,/objects/thumbs/dscn1619_th.jpg
/objects/DSCN1625.JPG,/objects/small/dscn1625_sm.jpg,/objects/thumbs/dscn1625_th.jpg
/objects/DSCN1628.JPG,/objects/small/dscn1628_sm.jpg,/objects/thumbs/dscn1628_th.jpg
/objects/DSCN1629.JPG,/objects/small/dscn1629_sm.jpg,/objects/thumbs/dscn1629_th.jpg
/objects/DSCN1631.JPG,/objects/small/dscn1631_sm.jpg,/objects/thumbs/dscn1631_th.jpg
/objects/DSCN1638.JPG,/objects/small/dscn1638_sm.jpg,/objects/thumbs/dscn1638_th.jpg
/objects/DSCN1639.JPG,/objects/small/dscn1639_sm.jpg,/objects/thumbs/dscn1639_th.jpg
/objects/DSCN1649.JPG,/objects/small/dscn1649_sm.jpg,/objects/thumbs/dscn1649_th.jpg
/objects/DSCN1661.JPG,/objects/small/dscn1661_sm.jpg,/objects/thumbs/dscn1661_th.jpg
/objects/DSCN2425.JPG,/objects/small/dscn2425_sm.jpg,/objects/thumbs/dscn2425_th.jpg
/objects/DSCN2426.JPG,/objects/small/dscn2426_sm.jpg,/objects/thumbs/dscn2426_th.jpg
/objects/DSCN2430.JPG,/objects/small/dscn2430_sm.jpg,/objects/thumbs/dscn2430_th.jpg
/objects/DSCN2431.JPG,/objects/small/dscn2431_sm.jpg,/objects/thumbs/dscn2431_th.jpg
/objects/DSCN2432.JPG,/objects/small/dscn2432_sm.jpg,/objects/thumbs/dscn2432_th.jpg
/objects/DSCN2433.JPG,/objects/small/dscn2433_sm.jpg,/objects/thumbs/dscn2433_th.jpg
/objects/DSCN2434.JPG,/objects/small/dscn2434_sm.jpg,/objects/thumbs/dscn2434_th.jpg
/objects/DSCN2440.JPG,/objects/small/dscn2440_sm.jpg,/objects/thumbs/dscn2440_th.jpg
/objects/DSCN2441.JPG,/objects/small/dscn2441_sm.jpg,/objects/thumbs/dscn2441_th.jpg
/objects/DSCN2442.JPG,/objects/small/dscn2442_sm.jpg,/objects/thumbs/dscn2442_th.jpg
/objects/DSCN2443.JPG,/objects/small/dscn2443_sm.jpg,/objects/thumbs/dscn2443_th.jpg
/objects/DSCN2444.JPG,/objects/small/dscn2444_sm.jpg,/objects/thumbs/dscn2444_th.jpg
/objects/DSCN2445.JPG,/objects/small/dscn2445_sm.jpg,/objects/thumbs/dscn2445_th.jpg
/objects/DSCN2451.JPG,/objects/small/dscn2451_sm.jpg,/objects/thumbs/dscn2451_th.jpg
/objects/DSCN2452.JPG,/objects/small/dscn2452_sm.jpg,/objects/thumbs/dscn2452_th.jpg
/objects/DSCN2453.JPG,/objects/small/dscn2453_sm.jpg,/objects/thumbs/dscn2453_th.jpg
/objects/DSCN2454.JPG,/objects/small/dscn2454_sm.jpg,/objects/thumbs/dscn2454_th.jpg
/objects/DSCN2455.JPG,/objects/small/dscn2455_sm.jpg,/objects/thumbs/dscn2455_th.jpg
/objects/DSCN2456.JPG,/objects/small/dscn2456_sm.jpg,/objects/thumbs/dscn2456_th.jpg
/objects/DSCN2462.JPG,/objects/small/dscn2462_sm.jpg,/objects/thumbs/dscn2462_th.jpg
/objects/DSCN2530.JPG,/objects/small/dscn2530_sm.jpg,/objects/thumbs/dscn2530_th.jpg
/objects/DSCN2531.JPG,/objects/small/dscn2531_sm.jpg,/objects/thumbs/dscn2531_th.jpg
/objects/DSCN2532.JPG,/objects/small/dscn2532_sm.jpg,/objects/thumbs/dscn2532_th.jpg
/objects/DSCN2533.JPG,/objects/small/dscn2533_sm.jpg,/objects/thumbs/dscn2533_th.jpg
/objects/DSCN2534.JPG,/objects/small/dscn2534_sm.jpg,/objects/thumbs/dscn2534_th.jpg
/objects/DSCN2535.JPG,/objects/small/dscn2535_sm.jpg,/objects/thumbs/dscn2535_th.jpg
/objects/DSCN2536.JPG,/objects/small/dscn2536_sm.jpg,/objects/thumbs/dscn2536_th.jpg
/objects/DSCN2537.JPG,/objects/small/dscn2537_sm.jpg,/objects/thumbs/dscn2537_th.jpg
/objects/DSCN2540.JPG,/objects/small/dscn2540_sm.jpg,/objects/thumbs/dscn2540_th.jpg
/objects/DSCN2541.JPG,/objects/small/dscn2541_sm.jpg,/objects/thumbs/dscn2541_th.jpg
/objects/DSCN2542.JPG,/objects/small/dscn2542_sm.jpg,/objects/thumbs/dscn2542_th.jpg
/objects/DSCN2543.JPG,/objects/small/dscn2543_sm.jpg,/objects/thumbs/dscn2543_th.jpg
/objects/DSCN2544.JPG,/objects/small/dscn2544_sm.jpg,/objects/thumbs/dscn2544_th.jpg
/objects/DSCN2545.JPG,/objects/small/dscn2545_sm.jpg,/objects/thumbs/dscn2545_th.jpg
/objects/DSCN2579.JPG,/objects/small/dscn2579_sm.jpg,/objects/thumbs/dscn2579_th.jpg
/objects/DSCN2580.JPG,/objects/small/dscn2580_sm.jpg,/objects/thumbs/dscn2580_th.jpg
/objects/DSCN2581.JPG,/objects/small/dscn2581_sm.jpg,/objects/thumbs/dscn2581_th.jpg
/objects/DSCN2582.JPG,/objects/small/dscn2582_sm.jpg,/objects/thumbs/dscn2582_th.jpg
/objects/DSCN2583.JPG,/objects/small/dscn2583_sm.jpg,/objects/thumbs/dscn2583_th.jpg
/objects/DSCN2584.JPG,/objects/small/dscn2584_sm.jpg,/objects/thumbs/dscn2584_th.jpg
/objects/DSCN2585.JPG,/objects/small/dscn2585_sm.jpg,/objects/thumbs/dscn2585_th.jpg
/objects/DSCN2586.JPG,/objects/small/dscn2586_sm.jpg,/objects/thumbs/dscn2586_th.jpg
/objects/DSCN2587.JPG,/objects/small/dscn2587_sm.jpg,/objects/thumbs/dscn2587_th.jpg
/objects/DSCN2590.JPG,/objects/small/dscn2590_sm.jpg,/objects/thumbs/dscn2590_th.jpg
/objects/DSCN2591.JPG,/objects/small/dscn2591_sm.jpg,/objects/thumbs/dscn2591_th.jpg
/objects/DSCN2592.JPG,/objects/small/dscn2592_sm.jpg,/objects/thumbs/dscn2592_th.jpg
/objects/DSCN2593.JPG,/objects/small/dscn2593_sm.jpg,/objects/thumbs/dscn2593_th.jpg
/objects/DSCN2594.JPG,/objects/small/dscn2594_sm.jpg,/objects/thumbs/dscn2594_th.jpg
/objects/DSCN2595.JPG,/objects/small/dscn2595_sm.jpg,/objects/thumbs/dscn2595_th.jpg
/objects/DSCN2596.JPG,/objects/small/dscn2596_sm.jpg,/objects/thumbs/dscn2596_th.jpg
/objects/DSCN2608.JPG,/objects/small/dscn2608_sm.jpg,/objects/thumbs/dscn2608_th.jpg
/objects/DSCN2609.JPG,/objects/small/dscn2609_sm.jpg,/objects/thumbs/dscn2609_th.jpg
/objects/DSCN2621.JPG,/objects/small/dscn2621_sm.jpg,/objects/thumbs/dscn2621_th.jpg
/objects/DSCN2625.JPG,/objects/small/dscn2625_sm.jpg,/objects/thumbs/dscn2625_th.jpg
/objects/DSCN2626.JPG,/objects/small/dscn2626_sm.jpg,/objects/thumbs/dscn2626_th.jpg
/objects/DSCN2627.JPG,/objects/small/dscn2627_sm.jpg,/objects/thumbs/dscn2627_th.jpg
/objects/DSCN2630.JPG,/objects/small/dscn2630_sm.jpg,/objects/thumbs/dscn2630_th.jpg
/objects/DSCN2641(1).JPG,/objects/small/dscn2641(1)_sm.jpg,/objects/thumbs/dscn2641(1)_th.jpg
/objects/DSCN2641.JPG,/objects/small/dscn2641_sm.jpg,/objects/thumbs/dscn2641_th.jpg
/objects/DSCN2643.JPG,/objects/small/dscn2643_sm.jpg,/objects/thumbs/dscn2643_th.jpg
/objects/DSCN2655(1).JPG,/objects/small/dscn2655(1)_sm.jpg,/objects/thumbs/dscn2655(1)_th.jpg
/objects/DSCN2655(2).JPG,/objects/small/dscn2655(2)_sm.jpg,/objects/thumbs/dscn2655(2)_th.jpg
/objects/DSCN2655.JPG,/objects/small/dscn2655_sm.jpg,/objects/thumbs/dscn2655_th.jpg
/objects/DSCN2668.JPG,/objects/small/dscn2668_sm.jpg,/objects/thumbs/dscn2668_th.jpg
/objects/DSCN2669.JPG,/objects/small/dscn2669_sm.jpg,/objects/thumbs/dscn2669_th.jpg
/objects/DSCN2690.JPG,/objects/small/dscn2690_sm.jpg,/objects/thumbs/dscn2690_th.jpg
/objects/DSCN2694.JPG,/objects/small/dscn2694_sm.jpg,/objects/thumbs/dscn2694_th.jpg
/objects/DSCN2695.JPG,/objects/small/dscn2695_sm.jpg,/objects/thumbs/dscn2695_th.jpg
/objects/DSCN2696.JPG,/objects/small/dscn2696_sm.jpg,/objects/thumbs/dscn2696_th.jpg
/objects/DSCN2697.JPG,/objects/small/dscn2697_sm.jpg,/objects/thumbs/dscn2697_th.jpg
/objects/DSCN2708.JPG,/objects/small/dscn2708_sm.jpg,/objects/thumbs/dscn2708_th.jpg
/objects/DSCN2709(1).JPG,/objects/small/dscn2709(1)_sm.jpg,/objects/thumbs/dscn2709(1)_th.jpg
/objects/DSCN2709.JPG,/objects/small/dscn2709_sm.jpg,/objects/thumbs/dscn2709_th.jpg
/objects/DSCN2720.JPG,/objects/small/dscn2720_sm.jpg,/objects/thumbs/dscn2720_th.jpg
/objects/DSCN2721.JPG,/objects/small/dscn2721_sm.jpg,/objects/thumbs/dscn2721_th.jpg
/objects/DSCN2722.JPG,/objects/small/dscn2722_sm.jpg,/objects/thumbs/dscn2722_th.jpg
/objects/DSCN2723.JPG,/objects/small/dscn2723_sm.jpg,/objects/thumbs/dscn2723_th.jpg
/objects/DSCN2734.JPG,/objects/small/dscn2734_sm.jpg,/objects/thumbs/dscn2734_th.jpg
/objects/DSCN2735.JPG,/objects/small/dscn2735_sm.jpg,/objects/thumbs/dscn2735_th.jpg
/objects/DSCN2736.JPG,/objects/small/dscn2736_sm.jpg,/objects/thumbs/dscn2736_th.jpg
/objects/DSCN2736_2.JPG,/objects/small/dscn2736_2_sm.jpg,/objects/thumbs/dscn2736_2_th.jpg
/objects/DSCN2737.JPG,/objects/small/dscn2737_sm.jpg,/objects/thumbs/dscn2737_th.jpg
/objects/DSCN2743.JPG,/objects/small/dscn2743_sm.jpg,/objects/thumbs/dscn2743_th.jpg
/objects/DSCN2744.JPG,/objects/small/dscn2744_sm.jpg,/objects/thumbs/dscn2744_th.jpg
/objects/DSCN2750.JPG,/objects/small/dscn2750_sm.jpg,/objects/thumbs/dscn2750_th.jpg
/objects/DSCN2751.JPG,/objects/small/dscn2751_sm.jpg,/objects/thumbs/dscn2751_th.jpg
/objects/DSCN2752.JPG,/objects/small/dscn2752_sm.jpg,/objects/thumbs/dscn2752_th.jpg
/objects/DSCN2753.JPG,/objects/small/dscn2753_sm.jpg,/objects/thumbs/dscn2753_th.jpg
/objects/DSCN2754.JPG,/objects/small/dscn2754_sm.jpg,/objects/thumbs/dscn2754_th.jpg
/objects/DSCN2755.JPG,/objects/small/dscn2755_sm.jpg,/objects/thumbs/dscn2755_th.jpg
/objects/DSCN2756.JPG,/objects/small/dscn2756_sm.jpg,/objects/thumbs/dscn2756_th.jpg
/objects/DSCN2757.JPG,/objects/small/dscn2757_sm.jpg,/objects/thumbs/dscn2757_th.jpg
/objects/DSCN2768.JPG,/objects/small/dscn2768_sm.jpg,/objects/thumbs/dscn2768_th.jpg
/objects/DSCN2769.JPG,/objects/small/dscn2769_sm.jpg,/objects/thumbs/dscn2769_th.jpg
/objects/DSCN2778.JPG,/objects/small/dscn2778_sm.jpg,/objects/thumbs/dscn2778_th.jpg
/objects/DSCN2779.JPG,/objects/small/dscn2779_sm.jpg,/objects/thumbs/dscn2779_th.jpg
/objects/DSCN2781.JPG,/objects/small/dscn2781_sm.jpg,/objects/thumbs/dscn2781_th.jpg
/objects/DSCN2782.JPG,/objects/small/dscn2782_sm.jpg,/objects/thumbs/dscn2782_th.jpg
/objects/DSCN2783.JPG,/objects/small/dscn2783_sm.jpg,/objects/thumbs/dscn2783_th.jpg
/objects/DSCN2785.JPG,/objects/small/dscn2785_sm.jpg,/objects/thumbs/dscn2785_th.jpg
/objects/DSCN2786.JPG,/objects/small/dscn2786_sm.jpg,/objects/thumbs/dscn2786_th.jpg
/objects/DSCN2787.JPG,/objects/small/dscn2787_sm.jpg,/objects/thumbs/dscn2787_th.jpg
/objects/DSCN2790.JPG,/objects/small/dscn2790_sm.jpg,/objects/thumbs/dscn2790_th.jpg
/objects/DSCN2791.JPG,/objects/small/dscn2791_sm.jpg,/objects/thumbs/dscn2791_th.jpg
/objects/DSCN2792.JPG,/objects/small/dscn2792_sm.jpg,/objects/thumbs/dscn2792_th.jpg
/objects/DSCN2794.JPG,/objects/small/dscn2794_sm.jpg,/objects/thumbs/dscn2794_th.jpg
/objects/DSCN2795.JPG,/objects/small/dscn2795_sm.jpg,/objects/thumbs/dscn2795_th.jpg
/objects/DSCN2800.JPG,/objects/small/dscn2800_sm.jpg,/objects/thumbs/dscn2800_th.jpg
/objects/DSCN2801.JPG,/objects/small/dscn2801_sm.jpg,/objects/thumbs/dscn2801_th.jpg
/objects/DSCN2802.JPG,/objects/small/dscn2802_sm.jpg,/objects/thumbs/dscn2802_th.jpg
/objects/DSCN2803.JPG,/objects/small/dscn2803_sm.jpg,/objects/thumbs/dscn2803_th.jpg
/objects/DSCN2804.JPG,/objects/small/dscn2804_sm.jpg,/objects/thumbs/dscn2804_th.jpg
/objects/DSCN2805.JPG,/objects/small/dscn2805_sm.jpg,/objects/thumbs/dscn2805_th.jpg
/objects/DSCN2806.JPG,/objects/small/dscn2806_sm.jpg,/objects/thumbs/dscn2806_th.jpg
/objects/DSCN2807.JPG,/objects/small/dscn2807_sm.jpg,/objects/thumbs/dscn2807_th.jpg
/objects/DSCN2810.JPG,/objects/small/dscn2810_sm.jpg,/objects/thumbs/dscn2810_th.jpg
/objects/DSCN2811.JPG,/objects/small/dscn2811_sm.jpg,/objects/thumbs/dscn2811_th.jpg
/objects/DSCN2812.JPG,/objects/small/dscn2812_sm.jpg,/objects/thumbs/dscn2812_th.jpg
/objects/DSCN2813.JPG,/objects/small/dscn2813_sm.jpg,/objects/thumbs/dscn2813_th.jpg
/objects/DSCN2814.JPG,/objects/small/dscn2814_sm.jpg,/objects/thumbs/dscn2814_th.jpg
/objects/DSCN2815.JPG,/objects/small/dscn2815_sm.jpg,/objects/thumbs/dscn2815_th.jpg
/objects/DSCN2816.JPG,/objects/small/dscn2816_sm.jpg,/objects/thumbs/dscn2816_th.jpg
/objects/DSCN2817.JPG,/objects/small/dscn2817_sm.jpg,/objects/thumbs/dscn2817_th.jpg
/objects/DSCN2838.JPG,/objects/small/dscn2838_sm.jpg,/objects/thumbs/dscn2838_th.jpg
/objects/DSCN2839.JPG,/objects/small/dscn2839_sm.jpg,/objects/thumbs/dscn2839_th.jpg
/objects/DSCN2898.JPG,/objects/small/dscn2898_sm.jpg,/objects/thumbs/dscn2898_th.jpg
/objects/DSCN2899(1).JPG,/objects/small/dscn2899(1)_sm.jpg,/objects/thumbs/dscn2899(1)_th.jpg
/objects/DSCN2899.JPG,/objects/small/dscn2899_sm.jpg,/objects/thumbs/dscn2899_th.jpg
/objects/DSCN2904.JPG,/objects/small/dscn2904_sm.jpg,/objects/thumbs/dscn2904_th.jpg
/objects/DSCN2905.JPG,/objects/small/dscn2905_sm.jpg,/objects/thumbs/dscn2905_th.jpg
/objects/DSCN2906.JPG,/objects/small/dscn2906_sm.jpg,/objects/thumbs/dscn2906_th.jpg
/objects/DSCN2907.JPG,/objects/small/dscn2907_sm.jpg,/objects/thumbs/dscn2907_th.jpg
/objects/DSCN2910.JPG,/objects/small/dscn2910_sm.jpg,/objects/thumbs/dscn2910_th.jpg
/objects/DSCN2911.JPG,/objects/small/dscn2911_sm.jpg,/objects/thumbs/dscn2911_th.jpg
/objects/DSCN2912.JPG,/objects/small/dscn2912_sm.jpg,/objects/thumbs/dscn2912_th.jpg
/objects/DSCN2913.JPG,/objects/small/dscn2913_sm.jpg,/objects/thumbs/dscn2913_th.jpg
/objects/DSCN2938.JPG,/objects/small/dscn2938_sm.jpg,/objects/thumbs/dscn2938_th.jpg
/objects/DSCN2939.JPG,/objects/small/dscn2939_sm.jpg,/objects/thumbs/dscn2939_th.jpg
/objects/DSCN2949.JPG,/objects/small/dscn2949_sm.jpg,/objects/thumbs/dscn2949_th.jpg
/objects/DSCN2959.JPG,/objects/small/dscn2959_sm.jpg,/objects/thumbs/dscn2959_th.jpg
/objects/DSCN2960.JPG,/objects/small/dscn2960_sm.jpg,/objects/thumbs/dscn2960_th.jpg
/objects/DSCN2963.JPG,/objects/small/dscn2963_sm.jpg,/objects/thumbs/dscn2963_th.jpg
/objects/DSCN2964.JPG,/objects/small/dscn2964_sm.jpg,/objects/thumbs/dscn2964_th.jpg
/objects/DSCN2966.JPG,/objects/small/dscn2966_sm.jpg,/objects/thumbs/dscn2966_th.jpg
/objects/DSCN2970.JPG,/objects/small/dscn2970_sm.jpg,/objects/thumbs/dscn2970_th.jpg
/objects/DSCN2973.JPG,/objects/small/dscn2973_sm.jpg,/objects/thumbs/dscn2973_th.jpg
/objects/DSCN2974.JPG,/objects/small/dscn2974_sm.jpg,/objects/thumbs/dscn2974_th.jpg
/objects/DSCN2977.JPG,/objects/small/dscn2977_sm.jpg,/objects/thumbs/dscn2977_th.jpg
/objects/DSCN2998.JPG,/objects/small/dscn2998_sm.jpg,/objects/thumbs/dscn2998_th.jpg
/objects/DSCN2999.JPG,/objects/small/dscn2999_sm.jpg,/objects/thumbs/dscn2999_th.jpg
/objects/DSCN3004.JPG,/objects/small/dscn3004_sm.jpg,/objects/thumbs/dscn3004_th.jpg
/objects/DSCN3005(1).JPG,/objects/small/dscn3005(1)_sm.jpg,/objects/thumbs/dscn3005(1)_th.jpg
/objects/DSCN3005.JPG,/objects/small/dscn3005_sm.jpg,/objects/thumbs/dscn3005_th.jpg
/objects/DSCN3006.JPG,/objects/small/dscn3006_sm.jpg,/objects/thumbs/dscn3006_th.jpg
/objects/DSCN3010.JPG,/objects/small/dscn3010_sm.jpg,/objects/thumbs/dscn3010_th.jpg
/objects/DSCN3011.JPG,/objects/small/dscn3011_sm.jpg,/objects/thumbs/dscn3011_th.jpg
/objects/DSCN3012.JPG,/objects/small/dscn3012_sm.jpg,/objects/thumbs/dscn3012_th.jpg
/objects/DSCN3013(1).JPG,/objects/small/dscn3013(1)_sm.jpg,/objects/thumbs/dscn3013(1)_th.jpg
/objects/DSCN3013(2).JPG,/objects/small/dscn3013(2)_sm.jpg,/objects/thumbs/dscn3013(2)_th.jpg
/objects/DSCN3013.JPG,/objects/small/dscn3013_sm.jpg,/objects/thumbs/dscn3013_th.jpg
/objects/DSCN3038.JPG,/objects/small/dscn3038_sm.jpg,/objects/thumbs/dscn3038_th.jpg
/objects/DSCN3039.JPG,/objects/small/dscn3039_sm.jpg,/objects/thumbs/dscn3039_th.jpg
/objects/DSCN3048(1).JPG,/objects/small/dscn3048(1)_sm.jpg,/objects/thumbs/dscn3048(1)_th.jpg
/objects/DSCN3048(2).JPG,/objects/small/dscn3048(2)_sm.jpg,/objects/thumbs/dscn3048(2)_th.jpg
/objects/DSCN3048.JPG,/objects/small/dscn3048_sm.jpg,/objects/thumbs/dscn3048_th.jpg
/objects/DSCN3049.JPG,/objects/small/dscn3049_sm.jpg,/objects/thumbs/dscn3049_th.jpg
/objects/DSCN3058.JPG,/objects/small/dscn3058_sm.jpg,/objects/thumbs/dscn3058_th.jpg
/objects/DSCN3059.JPG,/objects/small/dscn3059_sm.jpg,/objects/thumbs/dscn3059_th.jpg
/objects/DSCN3060(1).JPG,/objects/small/dscn3060(1)_sm.jpg,/objects/thumbs/dscn3060(1)_th.jpg
/objects/DSCN3060(2).JPG,/objects/small/dscn3060(2)_sm.jpg,/objects/thumbs/dscn3060(2)_th.jpg
/objects/DSCN3060.JPG,/objects/small/dscn3060_sm.jpg,/objects/thumbs/dscn3060_th.jpg
/objects/DSCN3061.JPG,/objects/small/dscn3061_sm.jpg,/objects/thumbs/dscn3061_th.jpg
/objects/DSCN3062.JPG,/objects/small/dscn3062_sm.jpg,/objects/thumbs/dscn3062_th.jpg
/objects/DSCN3063.JPG,/objects/small/dscn3063_sm.jpg,/objects/thumbs/dscn3063_th.jpg
/objects/DSCN3064.JPG,/objects/small/dscn3064_sm.jpg,/objects/thumbs/dscn3064_th.jpg
/objects/DSCN3065.JPG,/objects/small/dscn3065_sm.jpg,/objects/thumbs/dscn3065_th.jpg
/objects/DSCN3066.JPG,/objects/small/dscn3066_sm.jpg,/objects/thumbs/dscn3066_th.jpg
/objects/DSCN3067.JPG,/objects/small/dscn3067_sm.jpg,/objects/thumbs/dscn3067_th.jpg
/objects/DSCN3574.JPG,/objects/small/dscn3574_sm.jpg,/objects/thumbs/dscn3574_th.jpg
/objects/DSCN3575.JPG,/objects/small/dscn3575_sm.jpg,/objects/thumbs/dscn3575_th.jpg
/objects/DSCN3576.JPG,/objects/small/dscn3576_sm.jpg,/objects/thumbs/dscn3576_th.jpg
/objects/DSCN3577(1).JPG,/objects/small/dscn3577(1)_sm.jpg,/objects/thumbs/dscn3577(1)_th.jpg
/objects/DSCN3577(2).JPG,/objects/small/dscn3577(2)_sm.jpg,/objects/thumbs/dscn3577(2)_th.jpg
/objects/DSCN3577.JPG,/objects/small/dscn3577_sm.jpg,/objects/thumbs/dscn3577_th.jpg
/objects/DSCN3588(1).JPG,/objects/small/dscn3588(1)_sm.jpg,/objects/thumbs/dscn3588(1)_th.jpg
/objects/DSCN3588.JPG,/objects/small/dscn3588_sm.jpg,/objects/thumbs/dscn3588_th.jpg
/objects/DSCN3589.JPG,/objects/small/dscn3589_sm.jpg,/objects/thumbs/dscn3589_th.jpg
/objects/DSCN3600.JPG,/objects/small/dscn3600_sm.jpg,/objects/thumbs/dscn3600_th.jpg
/objects/DSCN3601.JPG,/objects/small/dscn3601_sm.jpg,/objects/thumbs/dscn3601_th.jpg
/objects/DSCN3602.JPG,/objects/small/dscn3602_sm.jpg,/objects/thumbs/dscn3602_th.jpg
/objects/DSCN3603.JPG,/objects/small/dscn3603_sm.jpg,/objects/thumbs/dscn3603_th.jpg
/objects/DSCN3614.JPG,/objects/small/dscn3614_sm.jpg,/objects/thumbs/dscn3614_th.jpg
/objects/DSCN3615.JPG,/objects/small/dscn3615_sm.jpg,/objects/thumbs/dscn3615_th.jpg
/objects/DSCN3616.JPG,/objects/small/dscn3616_sm.jpg,/objects/thumbs/dscn3616_th.jpg
/objects/DSCN3617.JPG,/objects/small/dscn3617_sm.jpg,/objects/thumbs/dscn3617_th.jpg
/objects/DSCN3629.JPG,/objects/small/dscn3629_sm.jpg,/objects/thumbs/dscn3629_th.jpg
/objects/DSCN3648.JPG,/objects/small/dscn3648_sm.jpg,/objects/thumbs/dscn3648_th.jpg
/objects/DSCN3649.JPG,/objects/small/dscn3649_sm.jpg,/objects/thumbs/dscn3649_th.jpg
/objects/DSCN3659.JPG,/objects/small/dscn3659_sm.jpg,/objects/thumbs/dscn3659_th.jpg
/objects/DSCN3660.JPG,/objects/small/dscn3660_sm.jpg,/objects/thumbs/dscn3660_th.jpg
/objects/DSCN3661.JPG,/objects/small/dscn3661_sm.jpg,/objects/thumbs/dscn3661_th.jpg
/objects/DSCN3663.JPG,/objects/small/dscn3663_sm.jpg,/objects/thumbs/dscn3663_th.jpg
/objects/DSCN3664.JPG,/objects/small/dscn3664_sm.jpg,/objects/thumbs/dscn3664_th.jpg
/objects/DSCN3665.JPG,/objects/small/dscn3665_sm.jpg,/objects/thumbs/dscn3665_th.jpg
/objects/DSCN3666.JPG,/objects/small/dscn3666_sm.jpg,/objects/thumbs/dscn3666_th.jpg
/objects/DSCN3667.JPG,/objects/small/dscn3667_sm.jpg,/objects/thumbs/dscn3667_th.jpg
/objects/DSCN3670.JPG,/objects/small/dscn3670_sm.jpg,/objects/thumbs/dscn3670_th.jpg
/objects/DSCN3671.JPG,/objects/small/dscn3671_sm.jpg,/objects/thumbs/dscn3671_th.jpg
/objects/DSCN3672.JPG,/objects/small/dscn3672_sm.jpg,/objects/thumbs/dscn3672_th.jpg
/objects/DSCN3673.JPG,/objects/small/dscn3673_sm.jpg,/objects/thumbs/dscn3673_th.jpg
/objects/DSCN3674.JPG,/objects/small/dscn3674_sm.jpg,/objects/thumbs/dscn3674_th.jpg
/objects/DSCN3675.JPG,/objects/small/dscn3675_sm.jpg,/objects/thumbs/dscn3675_th.jpg
/objects/DSCN3676.JPG,/objects/small/dscn3676_sm.jpg,/objects/thumbs/dscn3676_th.jpg
/objects/DSCN3677.JPG,/objects/small/dscn3677_sm.jpg,/objects/thumbs/dscn3677_th.jpg
/objects/DSCN3700.JPG,/objects/small/dscn3700_sm.jpg,/objects/thumbs/dscn3700_th.jpg
/objects/DSCN3701.JPG,/objects/small/dscn3701_sm.jpg,/objects/thumbs/dscn3701_th.jpg
/objects/DSCN3702.JPG,/objects/small/dscn3702_sm.jpg,/objects/thumbs/dscn3702_th.jpg
/objects/DSCN3703.JPG,/objects/small/dscn3703_sm.jpg,/objects/thumbs/dscn3703_th.jpg
/objects/DSCN3704.JPG,/objects/small/dscn3704_sm.jpg,/objects/thumbs/dscn3704_th.jpg
/objects/DSCN3705.JPG,/objects/small/dscn3705_sm.jpg,/objects/thumbs/dscn3705_th.jpg
/objects/DSCN3713.JPG,/objects/small/dscn3713_sm.jpg,/objects/thumbs/dscn3713_th.jpg
/objects/DSCN3715.JPG,/objects/small/dscn3715_sm.jpg,/objects/thumbs/dscn3715_th.jpg
/objects/DSCN3728.JPG,/objects/small/dscn3728_sm.jpg,/objects/thumbs/dscn3728_th.jpg
/objects/DSCN3738.JPG,/objects/small/dscn3738_sm.jpg,/objects/thumbs/dscn3738_th.jpg
/objects/DSCN3739.JPG,/objects/small/dscn3739_sm.jpg,/objects/thumbs/dscn3739_th.jpg
/objects/DSCN3760.JPG,/objects/small/dscn3760_sm.jpg,/objects/thumbs/dscn3760_th.jpg
/objects/DSCN3761(1).JPG,/objects/small/dscn3761(1)_sm.jpg,/objects/thumbs/dscn3761(1)_th.jpg
/objects/DSCN3761(2).JPG,/objects/small/dscn3761(2)_sm.jpg,/objects/thumbs/dscn3761(2)_th.jpg
/objects/DSCN3761.JPG,/objects/small/dscn3761_sm.jpg,/objects/thumbs/dscn3761_th.jpg
/objects/DSCN3762.JPG,/objects/small/dscn3762_sm.jpg,/objects/thumbs/dscn3762_th.jpg
/objects/DSCN3763.JPG,/objects/small/dscn3763_sm.jpg,/objects/thumbs/dscn3763_th.jpg
/objects/DSCN3767.JPG,/objects/small/dscn3767_sm.jpg,/objects/thumbs/dscn3767_th.jpg
/objects/DSCN3773.JPG,/objects/small/dscn3773_sm.jpg,/objects/thumbs/dscn3773_th.jpg
/objects/DSCN3774.JPG,/objects/small/dscn3774_sm.jpg,/objects/thumbs/dscn3774_th.jpg
/objects/DSCN3775(1).JPG,/objects/small/dscn3775(1)_sm.jpg,/objects/thumbs/dscn3775(1)_th.jpg
/objects/DSCN3775(2).JPG,/objects/small/dscn3775(2)_sm.jpg,/objects/thumbs/dscn3775(2)_th.jpg
/objects/DSCN3775.JPG,/objects/small/dscn3775_sm.jpg,/objects/thumbs/dscn3775_th.jpg
/objects/DSCN3776.JPG,/objects/small/dscn3776_sm.jpg,/objects/thumbs/dscn3776_th.jpg
/objects/DSCN3777.JPG,/objects/small/dscn3777_sm.jpg,/objects/thumbs/dscn3777_th.jpg
/objects/DSCN3788.JPG,/objects/small/dscn3788_sm.jpg,/objects/thumbs/dscn3788_th.jpg
/objects/DSCN3919.JPG,/objects/small/dscn3919_sm.jpg,/objects/thumbs/dscn3919_th.jpg
/objects/DSCN3920.JPG,/objects/small/dscn3920_sm.jpg,/objects/thumbs/dscn3920_th.jpg
/objects/DSCN3921.JPG,/objects/small/dscn3921_sm.jpg,/objects/thumbs/dscn3921_th.jpg
/objects/DSCN3922.JPG,/objects/small/dscn3922_sm.jpg,/objects/thumbs/dscn3922_th.jpg
/objects/DSCN3923.JPG,/objects/small/dscn3923_sm.jpg,/objects/thumbs/dscn3923_th.jpg
/objects/DSCN3924.JPG,/objects/small/dscn3924_sm.jpg,/objects/thumbs/dscn3924_th.jpg
/objects/DSCN3925.JPG,/objects/small/dscn3925_sm.jpg,/objects/thumbs/dscn3925_th.jpg
/objects/DSCN3926.JPG,/objects/small/dscn3926_sm.jpg,/objects/thumbs/dscn3926_th.jpg
/objects/DSCN3927.JPG,/objects/small/dscn3927_sm.jpg,/objects/thumbs/dscn3927_th.jpg
/objects/DSCN3930.JPG,/objects/small/dscn3930_sm.jpg,/objects/thumbs/dscn3930_th.jpg
/objects/DSCN3931.JPG,/objects/small/dscn3931_sm.jpg,/objects/thumbs/dscn3931_th.jpg
/objects/DSCN3932.JPG,/objects/small/dscn3932_sm.jpg,/objects/thumbs/dscn3932_th.jpg
/objects/DSCN3933.JPG,/objects/small/dscn3933_sm.jpg,/objects/thumbs/dscn3933_th.jpg
/objects/DSCN3934.JPG,/objects/small/dscn3934_sm.jpg,/objects/thumbs/dscn3934_th.jpg
/objects/DSCN3935(1).JPG,/objects/small/dscn3935(1)_sm.jpg,/objects/thumbs/dscn3935(1)_th.jpg
/objects/DSCN3935(2).JPG,/objects/small/dscn3935(2)_sm.jpg,/objects/thumbs/dscn3935(2)_th.jpg
/objects/DSCN3935(3).JPG,/objects/small/dscn3935(3)_sm.jpg,/objects/thumbs/dscn3935(3)_th.jpg
/objects/DSCN3935.JPG,/objects/small/dscn3935_sm.jpg,/objects/thumbs/dscn3935_th.jpg
/objects/DSCN3936.JPG,/objects/small/dscn3936_sm.jpg,/objects/thumbs/dscn3936_th.jpg
/objects/DSCN3937.JPG,/objects/small/dscn3937_sm.jpg,/objects/thumbs/dscn3937_th.jpg
/objects/DSCN3944.JPG,/objects/small/dscn3944_sm.jpg,/objects/thumbs/dscn3944_th.jpg
/objects/DSCN3945.JPG,/objects/small/dscn3945_sm.jpg,/objects/thumbs/dscn3945_th.jpg
/objects/DSCN3946(1).JPG,/objects/small/dscn3946(1)_sm.jpg,/objects/thumbs/dscn3946(1)_th.jpg
/objects/DSCN3946(2).JPG,/objects/small/dscn3946(2)_sm.jpg,/objects/thumbs/dscn3946(2)_th.jpg
/objects/DSCN3946.JPG,/objects/small/dscn3946_sm.jpg,/objects/thumbs/dscn3946_th.jpg
/objects/DSCN3947.JPG,/objects/small/dscn3947_sm.jpg,/objects/thumbs/dscn3947_th.jpg
/objects/DSCN3950.JPG,/objects/small/dscn3950_sm.jpg,/objects/thumbs/dscn3950_th.jpg
/objects/DSCN3951.JPG,/objects/small/dscn3951_sm.jpg,/objects/thumbs/dscn3951_th.jpg
/objects/DSCN3978.JPG,/objects/small/dscn3978_sm.jpg,/objects/thumbs/dscn3978_th.jpg
/objects/DSCN3979.JPG,/objects/small/dscn3979_sm.jpg,/objects/thumbs/dscn3979_th.jpg
/objects/DSCN3983(1).JPG,/objects/small/dscn3983(1)_sm.jpg,/objects/thumbs/dscn3983(1)_th.jpg
/objects/DSCN3983.JPG,/objects/small/dscn3983_sm.jpg,/objects/thumbs/dscn3983_th.jpg
/objects/DSCN3984.JPG,/objects/small/dscn3984_sm.jpg,/objects/thumbs/dscn3984_th.jpg
/objects/DSCN3985(1).JPG,/objects/small/dscn3985(1)_sm.jpg,/objects/thumbs/dscn3985(1)_th.jpg
/objects/DSCN3985(2).JPG,/objects/small/dscn3985(2)_sm.jpg,/objects/thumbs/dscn3985(2)_th.jpg
/objects/DSCN3985.JPG,/objects/small/dscn3985_sm.jpg,/objects/thumbs/dscn3985_th.jpg
/objects/DSCN3986.JPG,/objects/small/dscn3986_sm.jpg,/objects/thumbs/dscn3986_th.jpg
/objects/DSCN3987.JPG,/objects/small/dscn3987_sm.jpg,/objects/thumbs/dscn3987_th.jpg
/objects/DSCN3990.JPG,/objects/small/dscn3990_sm.jpg,/objects/thumbs/dscn3990_th.jpg
/objects/DSCN3991(1).JPG,/objects/small/dscn3991(1)_sm.jpg,/objects/thumbs/dscn3991(1)_th.jpg
/objects/DSCN3991(2).JPG,/objects/small/dscn3991(2)_sm.jpg,/objects/thumbs/dscn3991(2)_th.jpg
/objects/DSCN3991.JPG,/objects/small/dscn3991_sm.jpg,/objects/thumbs/dscn3991_th.jpg
/objects/DSCN3992.JPG,/objects/small/dscn3992_sm.jpg,/objects/thumbs/dscn3992_th.jpg
/objects/DSCN3993.JPG,/objects/small/dscn3993_sm.jpg,/objects/thumbs/dscn3993_th.jpg
/objects/DSCN3997(1).JPG,/objects/small/dscn3997(1)_sm.jpg,/objects/thumbs/dscn3997(1)_th.jpg
/objects/DSCN3997.JPG,/objects/small/dscn3997_sm.jpg,/objects/thumbs/dscn3997_th.jpg
/objects/DSCN4018.JPG,/objects/small/dscn4018_sm.jpg,/objects/thumbs/dscn4018_th.jpg
/objects/DSCN4019.JPG,/objects/small/dscn4019_sm.jpg,/objects/thumbs/dscn4019_th.jpg
/objects/DSCN4020(1).JPG,/objects/small/dscn4020(1)_sm.jpg,/objects/thumbs/dscn4020(1)_th.jpg
/objects/DSCN4020.JPG,/objects/small/dscn4020_sm.jpg,/objects/thumbs/dscn4020_th.jpg
/objects/DSCN4024.JPG,/objects/small/dscn4024_sm.jpg,/objects/thumbs/dscn4024_th.jpg
/objects/DSCN4025.JPG,/objects/small/dscn4025_sm.jpg,/objects/thumbs/dscn4025_th.jpg
/objects/DSCN4026(1).JPG,/objects/small/dscn4026(1)_sm.jpg,/objects/thumbs/dscn4026(1)_th.jpg
/objects/DSCN4026.JPG,/objects/small/dscn4026_sm.jpg,/objects/thumbs/dscn4026_th.jpg
/objects/DSCN4027.JPG,/objects/small/dscn4027_sm.jpg,/objects/thumbs/dscn4027_th.jpg
/objects/DSCN4030.JPG,/objects/small/dscn4030_sm.jpg,/objects/thumbs/dscn4030_th.jpg
/objects/DSCN4031.JPG,/objects/small/dscn4031_sm.jpg,/objects/thumbs/dscn4031_th.jpg
/objects/DSCN4032(1).JPG,/objects/small/dscn4032(1)_sm.jpg,/objects/thumbs/dscn4032(1)_th.jpg
/objects/DSCN4032(2).JPG,/objects/small/dscn4032(2)_sm.jpg,/objects/thumbs/dscn4032(2)_th.jpg
/objects/DSCN4032.JPG,/objects/small/dscn4032_sm.jpg,/objects/thumbs/dscn4032_th.jpg
/objects/DSCN4033.JPG,/objects/small/dscn4033_sm.jpg,/objects/thumbs/dscn4033_th.jpg
/objects/DSCN4034(1).JPG,/objects/small/dscn4034(1)_sm.jpg,/objects/thumbs/dscn4034(1)_th.jpg
/objects/DSCN4034.JPG,/objects/small/dscn4034_sm.jpg,/objects/thumbs/dscn4034_th.jpg
/objects/DSCN4040.JPG,/objects/small/dscn4040_sm.jpg,/objects/thumbs/dscn4040_th.jpg
/objects/DSCN4041(1).JPG,/objects/small/dscn4041(1)_sm.jpg,/objects/thumbs/dscn4041(1)_th.jpg
/objects/DSCN4041(2).JPG,/objects/small/dscn4041(2)_sm.jpg,/objects/thumbs/dscn4041(2)_th.jpg
/objects/DSCN4041.JPG,/objects/small/dscn4041_sm.jpg,/objects/thumbs/dscn4041_th.jpg
/objects/DSCN4042.JPG,/objects/small/dscn4042_sm.jpg,/objects/thumbs/dscn4042_th.jpg
/objects/DSCN4043.JPG,/objects/small/dscn4043_sm.jpg,/objects/thumbs/dscn4043_th.jpg
/objects/DSCN4044.JPG,/objects/small/dscn4044_sm.jpg,/objects/thumbs/dscn4044_th.jpg
/objects/DSCN4045.JPG,/objects/small/dscn4045_sm.jpg,/objects/thumbs/dscn4045_th.jpg
/objects/DSCN4046.JPG,/objects/small/dscn4046_sm.jpg,/objects/thumbs/dscn4046_th.jpg
/objects/DSCN4047.JPG,/objects/small/dscn4047_sm.jpg,/objects/thumbs/dscn4047_th.jpg
/objects/DSCN4050.JPG,/objects/small/dscn4050_sm.jpg,/objects/thumbs/dscn4050_th.jpg
/objects/DSCN4051.JPG,/objects/small/dscn4051_sm.jpg,/objects/thumbs/dscn4051_th.jpg
/objects/DSCN4052.JPG,/objects/small/dscn4052_sm.jpg,/objects/thumbs/dscn4052_th.jpg
/objects/DSCN4053.JPG,/objects/small/dscn4053_sm.jpg,/objects/thumbs/dscn4053_th.jpg
/objects/DSCN4054.JPG,/objects/small/dscn4054_sm.jpg,/objects/thumbs/dscn4054_th.jpg
/objects/DSCN4055(1).JPG,/objects/small/dscn4055(1)_sm.jpg,/objects/thumbs/dscn4055(1)_th.jpg
/objects/DSCN4055(2).JPG,/objects/small/dscn4055(2)_sm.jpg,/objects/thumbs/dscn4055(2)_th.jpg
/objects/DSCN4055.JPG,/objects/small/dscn4055_sm.jpg,/objects/thumbs/dscn4055_th.jpg
/objects/DSCN4056.JPG,/objects/small/dscn4056_sm.jpg,/objects/thumbs/dscn4056_th.jpg
/objects/DSCN4057.JPG,/objects/small/dscn4057_sm.jpg,/objects/thumbs/dscn4057_th.jpg
/objects/DSCN4069(1).JPG,/objects/small/dscn4069(1)_sm.jpg,/objects/thumbs/dscn4069(1)_th.jpg
/objects/DSCN4069(2).JPG,/objects/small/dscn4069(2)_sm.jpg,/objects/thumbs/dscn4069(2)_th.jpg
/objects/DSCN4069.JPG,/objects/small/dscn4069_sm.jpg,/objects/thumbs/dscn4069_th.jpg
/objects/DSCN4078.JPG,/objects/small/dscn4078_sm.jpg,/objects/thumbs/dscn4078_th.jpg
/objects/DSCN4079.JPG,/objects/small/dscn4079_sm.jpg,/objects/thumbs/dscn4079_th.jpg
/objects/DSCN4080.JPG,/objects/small/dscn4080_sm.jpg,/objects/thumbs/dscn4080_th.jpg
/objects/DSCN4081.JPG,/objects/small/dscn4081_sm.jpg,/objects/thumbs/dscn4081_th.jpg
/objects/DSCN4082.JPG,/objects/small/dscn4082_sm.jpg,/objects/thumbs/dscn4082_th.jpg
/objects/DSCN4083.JPG,/objects/small/dscn4083_sm.jpg,/objects/thumbs/dscn4083_th.jpg
/objects/DSCN4084.JPG,/objects/small/dscn4084_sm.jpg,/objects/thumbs/dscn4084_th.jpg
/objects/DSCN4118.JPG,/objects/small/dscn4118_sm.jpg,/objects/thumbs/dscn4118_th.jpg
/objects/DSCN4119.JPG,/objects/small/dscn4119_sm.jpg,/objects/thumbs/dscn4119_th.jpg
/objects/DSCN4120.JPG,/objects/small/dscn4120_sm.jpg,/objects/thumbs/dscn4120_th.jpg
/objects/DSCN4121.JPG,/objects/small/dscn4121_sm.jpg,/objects/thumbs/dscn4121_th.jpg
/objects/DSCN4122.JPG,/objects/small/dscn4122_sm.jpg,/objects/thumbs/dscn4122_th.jpg
/objects/DSCN4123.JPG,/objects/small/dscn4123_sm.jpg,/objects/thumbs/dscn4123_th.jpg
/objects/DSCN4124.JPG,/objects/small/dscn4124_sm.jpg,/objects/thumbs/dscn4124_th.jpg
/objects/DSCN4125.JPG,/objects/small/dscn4125_sm.jpg,/objects/thumbs/dscn4125_th.jpg
/objects/DSCN4126.JPG,/objects/small/dscn4126_sm.jpg,/objects/thumbs/dscn4126_th.jpg
/objects/DSCN4127.JPG,/objects/small/dscn4127_sm.jpg,/objects/thumbs/dscn4127_th.jpg
/objects/DSCN4130.JPG,/objects/small/dscn4130_sm.jpg,/objects/thumbs/dscn4130_th.jpg
/objects/DSCN4131.JPG,/objects/small/dscn4131_sm.jpg,/objects/thumbs/dscn4131_th.jpg
/objects/DSCN4132.JPG,/objects/small/dscn4132_sm.jpg,/objects/thumbs/dscn4132_th.jpg
/objects/DSCN4133.JPG,/objects/small/dscn4133_sm.jpg,/objects/thumbs/dscn4133_th.jpg
/objects/DSCN4134.JPG,/objects/small/dscn4134_sm.jpg,/objects/thumbs/dscn4134_th.jpg
/objects/DSCN4135.JPG,/objects/small/dscn4135_sm.jpg,/objects/thumbs/dscn4135_th.jpg
/objects/DSCN4136.JPG,/objects/small/dscn4136_sm.jpg,/objects/thumbs/dscn4136_th.jpg
/objects/DSCN4137.JPG,/objects/small/dscn4137_sm.jpg,/objects/thumbs/dscn4137_th.jpg
/objects/DSCN4144.JPG,/objects/small/dscn4144_sm.jpg,/objects/thumbs/dscn4144_th.jpg
/objects/DSCN4145.JPG,/objects/small/dscn4145_sm.jpg,/objects/thumbs/dscn4145_th.jpg
/objects/DSCN4146.JPG,/objects/small/dscn4146_sm.jpg,/objects/thumbs/dscn4146_th.jpg
/objects/DSCN4147.JPG,/objects/small/dscn4147_sm.jpg,/objects/thumbs/dscn4147_th.jpg
/objects/DSCN4150.JPG,/objects/small/dscn4150_sm.jpg,/objects/thumbs/dscn4150_th.jpg
/objects/DSCN4151.JPG,/objects/small/dscn4151_sm.jpg,/objects/thumbs/dscn4151_th.jpg
/objects/DSCN4152.JPG,/objects/small/dscn4152_sm.jpg,/objects/thumbs/dscn4152_th.jpg
/objects/DSCN4178.JPG,/objects/small/dscn4178_sm.jpg,/objects/thumbs/dscn4178_th.jpg
/objects/DSCN4179.JPG,/objects/small/dscn4179_sm.jpg,/objects/thumbs/dscn4179_th.jpg
/objects/DSCN4184.JPG,/objects/small/dscn4184_sm.jpg,/objects/thumbs/dscn4184_th.jpg
/objects/DSCN4185.JPG,/objects/small/dscn4185_sm.jpg,/objects/thumbs/dscn4185_th.jpg
/objects/DSCN4186.JPG,/objects/small/dscn4186_sm.jpg,/objects/thumbs/dscn4186_th.jpg
/objects/DSCN4187.JPG,/objects/small/dscn4187_sm.jpg,/objects/thumbs/dscn4187_th.jpg
/objects/DSCN4190.JPG,/objects/small/dscn4190_sm.jpg,/objects/thumbs/dscn4190_th.jpg
/objects/DSCN4191.JPG,/objects/small/dscn4191_sm.jpg,/objects/thumbs/dscn4191_th.jpg
/objects/DSCN4192.JPG,/objects/small/dscn4192_sm.jpg,/objects/thumbs/dscn4192_th.jpg
/objects/DSCN4193.JPG,/objects/small/dscn4193_sm.jpg,/objects/thumbs/dscn4193_th.jpg
/objects/DSCN4218(1).JPG,/objects/small/dscn4218(1)_sm.jpg,/objects/thumbs/dscn4218(1)_th.jpg
/objects/DSCN4218(2).JPG,/objects/small/dscn4218(2)_sm.jpg,/objects/thumbs/dscn4218(2)_th.jpg
/objects/DSCN4218.JPG,/objects/small/dscn4218_sm.jpg,/objects/thumbs/dscn4218_th.jpg
/objects/DSCN4219.JPG,/objects/small/dscn4219_sm.jpg,/objects/thumbs/dscn4219_th.jpg
/objects/DSCN4224(1).JPG,/objects/small/dscn4224(1)_sm.jpg,/objects/thumbs/dscn4224(1)_th.jpg
/objects/DSCN4224.JPG,/objects/small/dscn4224_sm.jpg,/objects/thumbs/dscn4224_th.jpg
/objects/DSCN4225.JPG,/objects/small/dscn4225_sm.jpg,/objects/thumbs/dscn4225_th.jpg
/objects/DSCN4226.JPG,/objects/small/dscn4226_sm.jpg,/objects/thumbs/dscn4226_th.jpg
/objects/DSCN4227.JPG,/objects/small/dscn4227_sm.jpg,/objects/thumbs/dscn4227_th.jpg
/objects/DSCN4230(1).JPG,/objects/small/dscn4230(1)_sm.jpg,/objects/thumbs/dscn4230(1)_th.jpg
/objects/DSCN4230.JPG,/objects/small/dscn4230_sm.jpg,/objects/thumbs/dscn4230_th.jpg
/objects/DSCN4231.JPG,/objects/small/dscn4231_sm.jpg,/objects/thumbs/dscn4231_th.jpg
/objects/DSCN4232.JPG,/objects/small/dscn4232_sm.jpg,/objects/thumbs/dscn4232_th.jpg
/objects/DSCN4233.JPG,/objects/small/dscn4233_sm.jpg,/objects/thumbs/dscn4233_th.jpg
/objects/DSCN4240.JPG,/objects/small/dscn4240_sm.jpg,/objects/thumbs/dscn4240_th.jpg
/objects/DSCN4241.JPG,/objects/small/dscn4241_sm.jpg,/objects/thumbs/dscn4241_th.jpg
/objects/DSCN4242.JPG,/objects/small/dscn4242_sm.jpg,/objects/thumbs/dscn4242_th.jpg
/objects/DSCN4243.JPG,/objects/small/dscn4243_sm.jpg,/objects/thumbs/dscn4243_th.jpg
/objects/DSCN4244.JPG,/objects/small/dscn4244_sm.jpg,/objects/thumbs/dscn4244_th.jpg
/objects/DSCN4245.JPG,/objects/small/dscn4245_sm.jpg,/objects/thumbs/dscn4245_th.jpg
/objects/DSCN4246.JPG,/objects/small/dscn4246_sm.jpg,/objects/thumbs/dscn4246_th.jpg
/objects/DSCN4247.JPG,/objects/small/dscn4247_sm.jpg,/objects/thumbs/dscn4247_th.jpg
/objects/DSCN4250.JPG,/objects/small/dscn4250_sm.jpg,/objects/thumbs/dscn4250_th.jpg
/objects/DSCN4251.JPG,/objects/small/dscn4251_sm.jpg,/objects/thumbs/dscn4251_th.jpg
/objects/DSCN4252.JPG,/objects/small/dscn4252_sm.jpg,/objects/thumbs/dscn4252_th.jpg
/objects/DSCN4253.JPG,/objects/small/dscn4253_sm.jpg,/objects/thumbs/dscn4253_th.jpg
/objects/DSCN4254.JPG,/objects/small/dscn4254_sm.jpg,/objects/thumbs/dscn4254_th.jpg
/objects/DSCN4255.JPG,/objects/small/dscn4255_sm.jpg,/objects/thumbs/dscn4255_th.jpg
/objects/DSCN4256.JPG,/objects/small/dscn4256_sm.jpg,/objects/thumbs/dscn4256_th.jpg
/objects/DSCN4257.JPG,/objects/small/dscn4257_sm.jpg,/objects/thumbs/dscn4257_th.jpg
/objects/DSCN4268.JPG,/objects/small/dscn4268_sm.jpg,/objects/thumbs/dscn4268_th.jpg
/objects/DSCN4269.JPG,/objects/small/dscn4269_sm.jpg,/objects/thumbs/dscn4269_th.jpg
/objects/DSCN4278.JPG,/objects/small/dscn4278_sm.jpg,/objects/thumbs/dscn4278_th.jpg
/objects/DSCN4279.JPG,/objects/small/dscn4279_sm.jpg,/objects/thumbs/dscn4279_th.jpg
/objects/DSCN4280.JPG,/objects/small/dscn4280_sm.jpg,/objects/thumbs/dscn4280_th.jpg
/objects/DSCN4281.JPG,/objects/small/dscn4281_sm.jpg,/objects/thumbs/dscn4281_th.jpg
/objects/DSCN4282.JPG,/objects/small/dscn4282_sm.jpg,/objects/thumbs/dscn4282_th.jpg
/objects/DSCN4283.JPG,/objects/small/dscn4283_sm.jpg,/objects/thumbs/dscn4283_th.jpg
/objects/DSCN4284.JPG,/objects/small/dscn4284_sm.jpg,/objects/thumbs/dscn4284_th.jpg
/objects/DSCN4285.JPG,/objects/small/dscn4285_sm.jpg,/objects/thumbs/dscn4285_th.jpg
/objects/DSCN4286.JPG,/objects/small/dscn4286_sm.jpg,/objects/thumbs/dscn4286_th.jpg
/objects/DSCN4290.JPG,/objects/small/dscn4290_sm.jpg,/objects/thumbs/dscn4290_th.jpg
/objects/DSCN4291.JPG,/objects/small/dscn4291_sm.jpg,/objects/thumbs/dscn4291_th.jpg
/objects/DSCN4292.JPG,/objects/small/dscn4292_sm.jpg,/objects/thumbs/dscn4292_th.jpg
/objects/DSCN4293.JPG,/objects/small/dscn4293_sm.jpg,/objects/thumbs/dscn4293_th.jpg
/objects/DSCN4295.JPG,/objects/small/dscn4295_sm.jpg,/objects/thumbs/dscn4295_th.jpg
/objects/DSCN4296.JPG,/objects/small/dscn4296_sm.jpg,/objects/thumbs/dscn4296_th.jpg
/objects/DSCN4297.JPG,/objects/small/dscn4297_sm.jpg,/objects/thumbs/dscn4297_th.jpg
/objects/DSCN4308.JPG,/objects/small/dscn4308_sm.jpg,/objects/thumbs/dscn4308_th.jpg
/objects/DSCN4309.JPG,/objects/small/dscn4309_sm.jpg,/objects/thumbs/dscn4309_th.jpg
/objects/DSCN4318.JPG,/objects/small/dscn4318_sm.jpg,/objects/thumbs/dscn4318_th.jpg
/objects/DSCN4319.JPG,/objects/small/dscn4319_sm.jpg,/objects/thumbs/dscn4319_th.jpg
/objects/DSCN4320.JPG,/objects/small/dscn4320_sm.jpg,/objects/thumbs/dscn4320_th.jpg
/objects/DSCN4321.JPG,/objects/small/dscn4321_sm.jpg,/objects/thumbs/dscn4321_th.jpg
/objects/DSCN4322.JPG,/objects/small/dscn4322_sm.jpg,/objects/thumbs/dscn4322_th.jpg
/objects/DSCN4323.JPG,/objects/small/dscn4323_sm.jpg,/objects/thumbs/dscn4323_th.jpg
/objects/DSCN4324.JPG,/objects/small/dscn4324_sm.jpg,/objects/thumbs/dscn4324_th.jpg
/objects/DSCN4327.JPG,/objects/small/dscn4327_sm.jpg,/objects/thumbs/dscn4327_th.jpg
/objects/DSCN4330.JPG,/objects/small/dscn4330_sm.jpg,/objects/thumbs/dscn4330_th.jpg
/objects/DSCN4331.JPG,/objects/small/dscn4331_sm.jpg,/objects/thumbs/dscn4331_th.jpg
/objects/DSCN4332.JPG,/objects/small/dscn4332_sm.jpg,/objects/thumbs/dscn4332_th.jpg
/objects/DSCN4333.JPG,/objects/small/dscn4333_sm.jpg,/objects/thumbs/dscn4333_th.jpg
/objects/DSCN4334.JPG,/objects/small/dscn4334_sm.jpg,/objects/thumbs/dscn4334_th.jpg
/objects/DSCN4335.JPG,/objects/small/dscn4335_sm.jpg,/objects/thumbs/dscn4335_th.jpg
/objects/DSCN4336.JPG,/objects/small/dscn4336_sm.jpg,/objects/thumbs/dscn4336_th.jpg
/objects/DSCN4337.JPG,/objects/small/dscn4337_sm.jpg,/objects/thumbs/dscn4337_th.jpg
/objects/DSCN4344.JPG,/objects/small/dscn4344_sm.jpg,/objects/thumbs/dscn4344_th.jpg
/objects/DSCN4345.JPG,/objects/small/dscn4345_sm.jpg,/objects/thumbs/dscn4345_th.jpg
/objects/DSCN4346.JPG,/objects/small/dscn4346_sm.jpg,/objects/thumbs/dscn4346_th.jpg
/objects/DSCN4347.JPG,/objects/small/dscn4347_sm.jpg,/objects/thumbs/dscn4347_th.jpg
/objects/DSCN4350.JPG,/objects/small/dscn4350_sm.jpg,/objects/thumbs/dscn4350_th.jpg
/objects/DSCN4351.JPG,/objects/small/dscn4351_sm.jpg,/objects/thumbs/dscn4351_th.jpg
/objects/DSCN4352.JPG,/objects/small/dscn4352_sm.jpg,/objects/thumbs/dscn4352_th.jpg
/objects/DSCN4353.JPG,/objects/small/dscn4353_sm.jpg,/objects/thumbs/dscn4353_th.jpg
/objects/DSCN4378(1).JPG,/objects/small/dscn4378(1)_sm.jpg,/objects/thumbs/dscn4378(1)_th.jpg
/objects/DSCN4378.JPG,/objects/small/dscn4378_sm.jpg,/objects/thumbs/dscn4378_th.jpg
/objects/DSCN4379.JPG,/objects/small/dscn4379_sm.jpg,/objects/thumbs/dscn4379_th.jpg
/objects/DSCN4384.JPG,/objects/small/dscn4384_sm.jpg,/objects/thumbs/dscn4384_th.jpg
/objects/DSCN4385.JPG,/objects/small/dscn4385_sm.jpg,/objects/thumbs/dscn4385_th.jpg
/objects/DSCN4386.JPG,/objects/small/dscn4386_sm.jpg,/objects/thumbs/dscn4386_th.jpg
/objects/DSCN4387.JPG,/objects/small/dscn4387_sm.jpg,/objects/thumbs/dscn4387_th.jpg
/objects/DSCN4390.JPG,/objects/small/dscn4390_sm.jpg,/objects/thumbs/dscn4390_th.jpg
/objects/DSCN4391.JPG,/objects/small/dscn4391_sm.jpg,/objects/thumbs/dscn4391_th.jpg
/objects/DSCN4392.JPG,/objects/small/dscn4392_sm.jpg,/objects/thumbs/dscn4392_th.jpg
/objects/DSCN4393.JPG,/objects/small/dscn4393_sm.jpg,/objects/thumbs/dscn4393_th.jpg
/objects/DSCN4408.JPG,/objects/small/dscn4408_sm.jpg,/objects/thumbs/dscn4408_th.jpg
/objects/DSCN4409.JPG,/objects/small/dscn4409_sm.jpg,/objects/thumbs/dscn4409_th.jpg
/objects/DSCN4420.JPG,/objects/small/dscn4420_sm.jpg,/objects/thumbs/dscn4420_th.jpg
/objects/DSCN4421.JPG,/objects/small/dscn4421_sm.jpg,/objects/thumbs/dscn4421_th.jpg
/objects/DSCN4423.JPG,/objects/small/dscn4423_sm.jpg,/objects/thumbs/dscn4423_th.jpg
/objects/DSCN4434.JPG,/objects/small/dscn4434_sm.jpg,/objects/thumbs/dscn4434_th.jpg
/objects/DSCN4435.JPG,/objects/small/dscn4435_sm.jpg,/objects/thumbs/dscn4435_th.jpg
/objects/DSCN4436.JPG,/objects/small/dscn4436_sm.jpg,/objects/thumbs/dscn4436_th.jpg
/objects/DSCN4468.JPG,/objects/small/dscn4468_sm.jpg,/objects/thumbs/dscn4468_th.jpg
/objects/DSCN4469.JPG,/objects/small/dscn4469_sm.jpg,/objects/thumbs/dscn4469_th.jpg
/objects/DSCN4478.JPG,/objects/small/dscn4478_sm.jpg,/objects/thumbs/dscn4478_th.jpg
/objects/DSCN4479.JPG,/objects/small/dscn4479_sm.jpg,/objects/thumbs/dscn4479_th.jpg
/objects/DSCN4480.JPG,/objects/small/dscn4480_sm.jpg,/objects/thumbs/dscn4480_th.jpg
/objects/DSCN4481.JPG,/objects/small/dscn4481_sm.jpg,/objects/thumbs/dscn4481_th.jpg
/objects/DSCN4482.JPG,/objects/small/dscn4482_sm.jpg,/objects/thumbs/dscn4482_th.jpg
/objects/DSCN4483.JPG,/objects/small/dscn4483_sm.jpg,/objects/thumbs/dscn4483_th.jpg
/objects/DSCN4484.JPG,/objects/small/dscn4484_sm.jpg,/objects/thumbs/dscn4484_th.jpg
/objects/DSCN4485.JPG,/objects/small/dscn4485_sm.jpg,/objects/thumbs/dscn4485_th.jpg
/objects/DSCN4486.JPG,/objects/small/dscn4486_sm.jpg,/objects/thumbs/dscn4486_th.jpg
/objects/DSCN4487.JPG,/objects/small/dscn4487_sm.jpg,/objects/thumbs/dscn4487_th.jpg
/objects/DSCN4490.JPG,/objects/small/dscn4490_sm.jpg,/objects/thumbs/dscn4490_th.jpg
/objects/DSCN4491.JPG,/objects/small/dscn4491_sm.jpg,/objects/thumbs/dscn4491_th.jpg
/objects/DSCN4492.JPG,/objects/small/dscn4492_sm.jpg,/objects/thumbs/dscn4492_th.jpg
/objects/DSCN4493.JPG,/objects/small/dscn4493_sm.jpg,/objects/thumbs/dscn4493_th.jpg
/objects/DSCN4494.JPG,/objects/small/dscn4494_sm.jpg,/objects/thumbs/dscn4494_th.jpg
/objects/DSCN4495.JPG,/objects/small/dscn4495_sm.jpg,/objects/thumbs/dscn4495_th.jpg
/objects/DSCN4496.JPG,/objects/small/dscn4496_sm.jpg,/objects/thumbs/dscn4496_th.jpg
/objects/DSCN4497.JPG,/objects/small/dscn4497_sm.jpg,/objects/thumbs/dscn4497_th.jpg
/objects/DSCN4518.JPG,/objects/small/dscn4518_sm.jpg,/objects/thumbs/dscn4518_th.jpg
/objects/DSCN4519.JPG,/objects/small/dscn4519_sm.jpg,/objects/thumbs/dscn4519_th.jpg
/objects/DSCN4520.JPG,/objects/small/dscn4520_sm.jpg,/objects/thumbs/dscn4520_th.jpg
/objects/DSCN4521.JPG,/objects/small/dscn4521_sm.jpg,/objects/thumbs/dscn4521_th.jpg
/objects/DSCN4522.JPG,/objects/small/dscn4522_sm.jpg,/objects/thumbs/dscn4522_th.jpg
/objects/DSCN4523.JPG,/objects/small/dscn4523_sm.jpg,/objects/thumbs/dscn4523_th.jpg
/objects/DSCN4524.JPG,/objects/small/dscn4524_sm.jpg,/objects/thumbs/dscn4524_th.jpg
/objects/DSCN4525.JPG,/objects/small/dscn4525_sm.jpg,/objects/thumbs/dscn4525_th.jpg
/objects/DSCN4526.JPG,/objects/small/dscn4526_sm.jpg,/objects/thumbs/dscn4526_th.jpg
/objects/DSCN4527.JPG,/objects/small/dscn4527_sm.jpg,/objects/thumbs/dscn4527_th.jpg
/objects/DSCN4530.JPG,/objects/small/dscn4530_sm.jpg,/objects/thumbs/dscn4530_th.jpg
/objects/DSCN4531.JPG,/objects/small/dscn4531_sm.jpg,/objects/thumbs/dscn4531_th.jpg
/objects/DSCN4532.JPG,/objects/small/dscn4532_sm.jpg,/objects/thumbs/dscn4532_th.jpg
/objects/DSCN4533.JPG,/objects/small/dscn4533_sm.jpg,/objects/thumbs/dscn4533_th.jpg
/objects/DSCN4535.JPG,/objects/small/dscn4535_sm.jpg,/objects/thumbs/dscn4535_th.jpg
/objects/DSCN4536.JPG,/objects/small/dscn4536_sm.jpg,/objects/thumbs/dscn4536_th.jpg
/objects/DSCN4537.JPG,/objects/small/dscn4537_sm.jpg,/objects/thumbs/dscn4537_th.jpg
/objects/DSCN4540.JPG,/objects/small/dscn4540_sm.jpg,/objects/thumbs/dscn4540_th.jpg
/objects/DSCN4541.JPG,/objects/small/dscn4541_sm.jpg,/objects/thumbs/dscn4541_th.jpg
/objects/DSCN4542(1).JPG,/objects/small/dscn4542(1)_sm.jpg,/objects/thumbs/dscn4542(1)_th.jpg
/objects/DSCN4542(2).JPG,/objects/small/dscn4542(2)_sm.jpg,/objects/thumbs/dscn4542(2)_th.jpg
/objects/DSCN4542.JPG,/objects/small/dscn4542_sm.jpg,/objects/thumbs/dscn4542_th.jpg
/objects/DSCN4543.JPG,/objects/small/dscn4543_sm.jpg,/objects/thumbs/dscn4543_th.jpg
/objects/DSCN4554.JPG,/objects/small/dscn4554_sm.jpg,/objects/thumbs/dscn4554_th.jpg
/objects/DSCN4555.JPG,/objects/small/dscn4555_sm.jpg,/objects/thumbs/dscn4555_th.jpg
/objects/DSCN4556(1).JPG,/objects/small/dscn4556(1)_sm.jpg,/objects/thumbs/dscn4556(1)_th.jpg
/objects/DSCN4556.JPG,/objects/small/dscn4556_sm.jpg,/objects/thumbs/dscn4556_th.jpg
/objects/DSCN4557.JPG,/objects/small/dscn4557_sm.jpg,/objects/thumbs/dscn4557_th.jpg
/objects/DSCN4568.JPG,/objects/small/dscn4568_sm.jpg,/objects/thumbs/dscn4568_th.jpg
/objects/DSCN4569.JPG,/objects/small/dscn4569_sm.jpg,/objects/thumbs/dscn4569_th.jpg
/objects/DSCN4580.JPG,/objects/small/dscn4580_sm.jpg,/objects/thumbs/dscn4580_th.jpg
/objects/DSCN4581(1).JPG,/objects/small/dscn4581(1)_sm.jpg,/objects/thumbs/dscn4581(1)_th.jpg
/objects/DSCN4581.JPG,/objects/small/dscn4581_sm.jpg,/objects/thumbs/dscn4581_th.jpg
/objects/DSCN4582.JPG,/objects/small/dscn4582_sm.jpg,/objects/thumbs/dscn4582_th.jpg
/objects/DSCN4583.JPG,/objects/small/dscn4583_sm.jpg,/objects/thumbs/dscn4583_th.jpg
/objects/DSCN4594.JPG,/objects/small/dscn4594_sm.jpg,/objects/thumbs/dscn4594_th.jpg
/objects/DSCN4595(1).JPG,/objects/small/dscn4595(1)_sm.jpg,/objects/thumbs/dscn4595(1)_th.jpg
/objects/DSCN4595.JPG,/objects/small/dscn4595_sm.jpg,/objects/thumbs/dscn4595_th.jpg
/objects/DSCN4596.JPG,/objects/small/dscn4596_sm.jpg,/objects/thumbs/dscn4596_th.jpg
/objects/DSCN4609.JPG,/objects/small/dscn4609_sm.jpg,/objects/thumbs/dscn4609_th.jpg
/objects/DSCN4620.JPG,/objects/small/dscn4620_sm.jpg,/objects/thumbs/dscn4620_th.jpg
/objects/DSCN4622.JPG,/objects/small/dscn4622_sm.jpg,/objects/thumbs/dscn4622_th.jpg
/objects/DSCN4635.JPG,/objects/small/dscn4635_sm.jpg,/objects/thumbs/dscn4635_th.jpg
/objects/DSCN4636.JPG,/objects/small/dscn4636_sm.jpg,/objects/thumbs/dscn4636_th.jpg
/objects/DSCN4637.JPG,/objects/small/dscn4637_sm.jpg,/objects/thumbs/dscn4637_th.jpg
/objects/DSCN4640.JPG,/objects/small/dscn4640_sm.jpg,/objects/thumbs/dscn4640_th.jpg
/objects/DSCN4641.JPG,/objects/small/dscn4641_sm.jpg,/objects/thumbs/dscn4641_th.jpg
/objects/DSCN4643.JPG,/objects/small/dscn4643_sm.jpg,/objects/thumbs/dscn4643_th.jpg
/objects/DSCN4644.JPG,/objects/small/dscn4644_sm.jpg,/objects/thumbs/dscn4644_th.jpg
/objects/DSCN4645.JPG,/objects/small/dscn4645_sm.jpg,/objects/thumbs/dscn4645_th.jpg
/objects/DSCN4646.JPG,/objects/small/dscn4646_sm.jpg,/objects/thumbs/dscn4646_th.jpg
/objects/DSCN4647.JPG,/objects/small/dscn4647_sm.jpg,/objects/thumbs/dscn4647_th.jpg
/objects/DSCN4650.JPG,/objects/small/dscn4650_sm.jpg,/objects/thumbs/dscn4650_th.jpg
/objects/DSCN4651.JPG,/objects/small/dscn4651_sm.jpg,/objects/thumbs/dscn4651_th.jpg
/objects/DSCN4652.JPG,/objects/small/dscn4652_sm.jpg,/objects/thumbs/dscn4652_th.jpg
/objects/DSCN4653.JPG,/objects/small/dscn4653_sm.jpg,/objects/thumbs/dscn4653_th.jpg
/objects/DSCN4654.JPG,/objects/small/dscn4654_sm.jpg,/objects/thumbs/dscn4654_th.jpg
/objects/DSCN4655.JPG,/objects/small/dscn4655_sm.jpg,/objects/thumbs/dscn4655_th.jpg
/objects/DSCN4656.JPG,/objects/small/dscn4656_sm.jpg,/objects/thumbs/dscn4656_th.jpg
/objects/DSCN4657.JPG,/objects/small/dscn4657_sm.jpg,/objects/thumbs/dscn4657_th.jpg
/objects/DSCN4668.JPG,/objects/small/dscn4668_sm.jpg,/objects/thumbs/dscn4668_th.jpg
/objects/DSCN4669.JPG,/objects/small/dscn4669_sm.jpg,/objects/thumbs/dscn4669_th.jpg
/objects/DSCN4678.JPG,/objects/small/dscn4678_sm.jpg,/objects/thumbs/dscn4678_th.jpg
/objects/DSCN4679.JPG,/objects/small/dscn4679_sm.jpg,/objects/thumbs/dscn4679_th.jpg
/objects/DSCN4680.JPG,/objects/small/dscn4680_sm.jpg,/objects/thumbs/dscn4680_th.jpg
/objects/DSCN4681.JPG,/objects/small/dscn4681_sm.jpg,/objects/thumbs/dscn4681_th.jpg
/objects/DSCN4682.JPG,/objects/small/dscn4682_sm.jpg,/objects/thumbs/dscn4682_th.jpg
/objects/DSCN4683.JPG,/objects/small/dscn4683_sm.jpg,/objects/thumbs/dscn4683_th.jpg
/objects/DSCN4684.JPG,/objects/small/dscn4684_sm.jpg,/objects/thumbs/dscn4684_th.jpg
/objects/DSCN4685.JPG,/objects/small/dscn4685_sm.jpg,/objects/thumbs/dscn4685_th.jpg
/objects/DSCN4686.JPG,/objects/small/dscn4686_sm.jpg,/objects/thumbs/dscn4686_th.jpg
/objects/DSCN4687.JPG,/objects/small/dscn4687_sm.jpg,/objects/thumbs/dscn4687_th.jpg
/objects/DSCN4690.JPG,/objects/small/dscn4690_sm.jpg,/objects/thumbs/dscn4690_th.jpg
/objects/DSCN4691.JPG,/objects/small/dscn4691_sm.jpg,/objects/thumbs/dscn4691_th.jpg
/objects/DSCN4692.JPG,/objects/small/dscn4692_sm.jpg,/objects/thumbs/dscn4692_th.jpg
/objects/DSCN4693.JPG,/objects/small/dscn4693_sm.jpg,/objects/thumbs/dscn4693_th.jpg
/objects/DSCN4694.JPG,/objects/small/dscn4694_sm.jpg,/objects/thumbs/dscn4694_th.jpg
/objects/DSCN4695.JPG,/objects/small/dscn4695_sm.jpg,/objects/thumbs/dscn4695_th.jpg
/objects/DSCN4696.JPG,/objects/small/dscn4696_sm.jpg,/objects/thumbs/dscn4696_th.jpg
/objects/DSCN4697.JPG,/objects/small/dscn4697_sm.jpg,/objects/thumbs/dscn4697_th.jpg
/objects/DSCN4730.JPG,/objects/small/dscn4730_sm.jpg,/objects/thumbs/dscn4730_th.jpg
/objects/DSCN4731.JPG,/objects/small/dscn4731_sm.jpg,/objects/thumbs/dscn4731_th.jpg
/objects/DSCN4732.JPG,/objects/small/dscn4732_sm.jpg,/objects/thumbs/dscn4732_th.jpg
/objects/DSCN4733(1).JPG,/objects/small/dscn4733(1)_sm.jpg,/objects/thumbs/dscn4733(1)_th.jpg
/objects/DSCN4733(2).JPG,/objects/small/dscn4733(2)_sm.jpg,/objects/thumbs/dscn4733(2)_th.jpg
/objects/DSCN4733.JPG,/objects/small/dscn4733_sm.jpg,/objects/thumbs/dscn4733_th.jpg
/objects/DSCN4734.JPG,/objects/small/dscn4734_sm.jpg,/objects/thumbs/dscn4734_th.jpg
/objects/DSCN4735.JPG,/objects/small/dscn4735_sm.jpg,/objects/thumbs/dscn4735_th.jpg
/objects/DSCN4736.JPG,/objects/small/dscn4736_sm.jpg,/objects/thumbs/dscn4736_th.jpg
/objects/DSCN4737.JPG,/objects/small/dscn4737_sm.jpg,/objects/thumbs/dscn4737_th.jpg
/objects/DSCN4741.JPG,/objects/small/dscn4741_sm.jpg,/objects/thumbs/dscn4741_th.jpg
/objects/DSCN4742.JPG,/objects/small/dscn4742_sm.jpg,/objects/thumbs/dscn4742_th.jpg
/objects/DSCN4743.JPG,/objects/small/dscn4743_sm.jpg,/objects/thumbs/dscn4743_th.jpg
/objects/DSCN4746(1).JPG,/objects/small/dscn4746(1)_sm.jpg,/objects/thumbs/dscn4746(1)_th.jpg
/objects/DSCN4746.JPG,/objects/small/dscn4746_sm.jpg,/objects/thumbs/dscn4746_th.jpg
/objects/DSCN4754(1).JPG,/objects/small/dscn4754(1)_sm.jpg,/objects/thumbs/dscn4754(1)_th.jpg
/objects/DSCN4754(2).JPG,/objects/small/dscn4754(2)_sm.jpg,/objects/thumbs/dscn4754(2)_th.jpg
/objects/DSCN4754.JPG,/objects/small/dscn4754_sm.jpg,/objects/thumbs/dscn4754_th.jpg
/objects/DSCN4755.JPG,/objects/small/dscn4755_sm.jpg,/objects/thumbs/dscn4755_th.jpg
/objects/DSCN4775.JPG,/objects/small/dscn4775_sm.jpg,/objects/thumbs/dscn4775_th.jpg
/objects/DSCN5558.JPG,/objects/small/dscn5558_sm.jpg,/objects/thumbs/dscn5558_th.jpg
/objects/DSCN5559.JPG,/objects/small/dscn5559_sm.jpg,/objects/thumbs/dscn5559_th.jpg
/objects/DSCN5560.JPG,/objects/small/dscn5560_sm.jpg,/objects/thumbs/dscn5560_th.jpg
/objects/DSCN5561.JPG,/objects/small/dscn5561_sm.jpg,/objects/thumbs/dscn5561_th.jpg
/objects/DSCN5562.JPG,/objects/small/dscn5562_sm.jpg,/objects/thumbs/dscn5562_th.jpg
/objects/DSCN5563.JPG,/objects/small/dscn5563_sm.jpg,/objects/thumbs/dscn5563_th.jpg
/objects/DSCN5564.JPG,/objects/small/dscn5564_sm.jpg,/objects/thumbs/dscn5564_th.jpg
/objects/DSCN5565.JPG,/objects/small/dscn5565_sm.jpg,/objects/thumbs/dscn5565_th.jpg
/objects/DSCN5566.JPG,/objects/small/dscn5566_sm.jpg,/objects/thumbs/dscn5566_th.jpg
/objects/DSCN5567.JPG,/objects/small/dscn5567_sm.jpg,/objects/thumbs/dscn5567_th.jpg
/objects/DSCN5570.JPG,/objects/small/dscn5570_sm.jpg,/objects/thumbs/dscn5570_th.jpg
/objects/DSCN5571.JPG,/objects/small/dscn5571_sm.jpg,/objects/thumbs/dscn5571_th.jpg
/objects/DSCN5572.JPG,/objects/small/dscn5572_sm.jpg,/objects/thumbs/dscn5572_th.jpg
/objects/DSCN5573.JPG,/objects/small/dscn5573_sm.jpg,/objects/thumbs/dscn5573_th.jpg
/objects/DSCN5574.JPG,/objects/small/dscn5574_sm.jpg,/objects/thumbs/dscn5574_th.jpg
/objects/DSCN5575.JPG,/objects/small/dscn5575_sm.jpg,/objects/thumbs/dscn5575_th.jpg
/objects/DSCN5576.JPG,/objects/small/dscn5576_sm.jpg,/objects/thumbs/dscn5576_th.jpg
/objects/DSCN5577.JPG,/objects/small/dscn5577_sm.jpg,/objects/thumbs/dscn5577_th.jpg
/objects/DSCN5588.JPG,/objects/small/dscn5588_sm.jpg,/objects/thumbs/dscn5588_th.jpg
/objects/DSCN5589.JPG,/objects/small/dscn5589_sm.jpg,/objects/thumbs/dscn5589_th.jpg
/objects/DSCN5601.JPG,/objects/small/dscn5601_sm.jpg,/objects/thumbs/dscn5601_th.jpg
/objects/DSCN5602.JPG,/objects/small/dscn5602_sm.jpg,/objects/thumbs/dscn5602_th.jpg
/objects/DSCN5603.JPG,/objects/small/dscn5603_sm.jpg,/objects/thumbs/dscn5603_th.jpg
/objects/DSCN5604.JPG,/objects/small/dscn5604_sm.jpg,/objects/thumbs/dscn5604_th.jpg
/objects/DSCN5605.JPG,/objects/small/dscn5605_sm.jpg,/objects/thumbs/dscn5605_th.jpg
/objects/DSCN5606.JPG,/objects/small/dscn5606_sm.jpg,/objects/thumbs/dscn5606_th.jpg
/objects/DSCN5607.JPG,/objects/small/dscn5607_sm.jpg,/objects/thumbs/dscn5607_th.jpg
/objects/DSCN5610.JPG,/objects/small/dscn5610_sm.jpg,/objects/thumbs/dscn5610_th.jpg
/objects/DSCN5611.JPG,/objects/small/dscn5611_sm.jpg,/objects/thumbs/dscn5611_th.jpg
/objects/DSCN5612.JPG,/objects/small/dscn5612_sm.jpg,/objects/thumbs/dscn5612_th.jpg
/objects/DSCN5613.JPG,/objects/small/dscn5613_sm.jpg,/objects/thumbs/dscn5613_th.jpg
/objects/DSCN5614.JPG,/objects/small/dscn5614_sm.jpg,/objects/thumbs/dscn5614_th.jpg
/objects/DSCN5615.JPG,/objects/small/dscn5615_sm.jpg,/objects/thumbs/dscn5615_th.jpg
/objects/DSCN5616.JPG,/objects/small/dscn5616_sm.jpg,/objects/thumbs/dscn5616_th.jpg
/objects/DSCN5617.JPG,/objects/small/dscn5617_sm.jpg,/objects/thumbs/dscn5617_th.jpg
/objects/DSC_0017.tif,/objects/small/dsc_0017_sm.jpg,/objects/thumbs/dsc_0017_th.jpg
/objects/P1040384.JPG,/objects/small/p1040384_sm.jpg,/objects/thumbs/p1040384_th.jpg
/objects/P1040385.JPG,/objects/small/p1040385_sm.jpg,/objects/thumbs/p1040385_th.jpg
/objects/P1040386.JPG,/objects/small/p1040386_sm.jpg,/objects/thumbs/p1040386_th.jpg
/objects/P1040387.JPG,/objects/small/p1040387_sm.jpg,/objects/thumbs/p1040387_th.jpg
/objects/P1040390.JPG,/objects/small/p1040390_sm.jpg,/objects/thumbs/p1040390_th.jpg
/objects/P1040391.JPG,/objects/small/p1040391_sm.jpg,/objects/thumbs/p1040391_th.jpg
/objects/P1040392.JPG,/objects/small/p1040392_sm.jpg,/objects/thumbs/p1040392_th.jpg
/objects/P1040393.JPG,/objects/small/p1040393_sm.jpg,/objects/thumbs/p1040393_th.jpg
/objects/P1040408.JPG,/objects/small/p1040408_sm.jpg,/objects/thumbs/p1040408_th.jpg
/objects/P1040409.JPG,/objects/small/p1040409_sm.jpg,/objects/thumbs/p1040409_th.jpg
/objects/P1040420.JPG,/objects/small/p1040420_sm.jpg,/objects/thumbs/p1040420_th.jpg
/objects/P1040422.JPG,/objects/small/p1040422_sm.jpg,/objects/thumbs/p1040422_th.jpg
/objects/P1040423.JPG,/objects/small/p1040423_sm.jpg,/objects/thumbs/p1040423_th.jpg
/objects/P1040434.JPG,/objects/small/p1040434_sm.jpg,/objects/thumbs/p1040434_th.jpg
/objects/P1040435.JPG,/objects/small/p1040435_sm.jpg,/objects/thumbs/p1040435_th.jpg
/objects/P1040436.JPG,/objects/small/p1040436_sm.jpg,/objects/thumbs/p1040436_th.jpg
/objects/P1040437.JPG,/objects/small/p1040437_sm.jpg,/objects/thumbs/p1040437_th.jpg
/objects/P1040440.JPG,/objects/small/p1040440_sm.jpg,/objects/thumbs/p1040440_th.jpg
/objects/P1040441.JPG,/objects/small/p1040441_sm.jpg,/objects/thumbs/p1040441_th.jpg
/objects/P1040442.JPG,/objects/small/p1040442_sm.jpg,/objects/thumbs/p1040442_th.jpg
/objects/P1040443.JPG,/objects/small/p1040443_sm.jpg,/objects/thumbs/p1040443_th.jpg
/objects/P1040444.JPG,/objects/small/p1040444_sm.jpg,/objects/thumbs/p1040444_th.jpg
/objects/P1040445.JPG,/objects/small/p1040445_sm.jpg,/objects/thumbs/p1040445_th.jpg
/objects/P1040447.JPG,/objects/small/p1040447_sm.jpg,/objects/thumbs/p1040447_th.jpg
/objects/P1040450.JPG,/objects/small/p1040450_sm.jpg,/objects/thumbs/p1040450_th.jpg
/objects/P1040451.JPG,/objects/small/p1040451_sm.jpg,/objects/thumbs/p1040451_th.jpg
/objects/P1040452.JPG,/objects/small/p1040452_sm.jpg,/objects/thumbs/p1040452_th.jpg
/objects/P1040454.JPG,/objects/small/p1040454_sm.jpg,/objects/thumbs/p1040454_th.jpg
/objects/P1040455.JPG,/objects/small/p1040455_sm.jpg,/objects/thumbs/p1040455_th.jpg
/objects/P1040456.JPG,/objects/small/p1040456_sm.jpg,/objects/thumbs/p1040456_th.jpg
/objects/P1040457.JPG,/objects/small/p1040457_sm.jpg,/objects/thumbs/p1040457_th.jpg
/objects/P1040468.JPG,/objects/small/p1040468_sm.jpg,/objects/thumbs/p1040468_th.jpg
/objects/P1040469.JPG,/objects/small/p1040469_sm.jpg,/objects/thumbs/p1040469_th.jpg
/objects/P1040479.JPG,/objects/small/p1040479_sm.jpg,/objects/thumbs/p1040479_th.jpg
/objects/P1040480.JPG,/objects/small/p1040480_sm.jpg,/objects/thumbs/p1040480_th.jpg
/objects/P1040483.JPG,/objects/small/p1040483_sm.jpg,/objects/thumbs/p1040483_th.jpg
/objects/P1040485.JPG,/objects/small/p1040485_sm.jpg,/objects/thumbs/p1040485_th.jpg
/objects/P1040486.JPG,/objects/small/p1040486_sm.jpg,/objects/thumbs/p1040486_th.jpg
/objects/P1040487.JPG,/objects/small/p1040487_sm.jpg,/objects/thumbs/p1040487_th.jpg
/objects/P1040490.JPG,/objects/small/p1040490_sm.jpg,/objects/thumbs/p1040490_th.jpg
/objects/P1040491.JPG,/objects/small/p1040491_sm.jpg,/objects/thumbs/p1040491_th.jpg
/objects/P1040492.JPG,/objects/small/p1040492_sm.jpg,/objects/thumbs/p1040492_th.jpg
/objects/P1040493.JPG,/objects/small/p1040493_sm.jpg,/objects/thumbs/p1040493_th.jpg
/objects/P1040494.JPG,/objects/small/p1040494_sm.jpg,/objects/thumbs/p1040494_th.jpg
/objects/P1040495.JPG,/objects/small/p1040495_sm.jpg,/objects/thumbs/p1040495_th.jpg
/objects/P1040496.JPG,/objects/small/p1040496_sm.jpg,/objects/thumbs/p1040496_th.jpg
/objects/P1040497.JPG,/objects/small/p1040497_sm.jpg,/objects/thumbs/p1040497_th.jpg
/objects/P1040509.JPG,/objects/small/p1040509_sm.jpg,/objects/thumbs/p1040509_th.jpg
/objects/P1050008.JPG,/objects/small/p1050008_sm.jpg,/objects/thumbs/p1050008_th.jpg
/objects/P1050009.JPG,/objects/small/p1050009_sm.jpg,/objects/thumbs/p1050009_th.jpg
/objects/P1050015.JPG,/objects/small/p1050015_sm.jpg,/objects/thumbs/p1050015_th.jpg
/objects/P1050019.JPG,/objects/small/p1050019_sm.jpg,/objects/thumbs/p1050019_th.jpg
/objects/P1050020.JPG,/objects/small/p1050020_sm.jpg,/objects/thumbs/p1050020_th.jpg
/objects/P1050032.JPG,/objects/small/p1050032_sm.jpg,/objects/thumbs/p1050032_th.jpg
/objects/P1050033.JPG,/objects/small/p1050033_sm.jpg,/objects/thumbs/p1050033_th.jpg
/objects/P1050037.JPG,/objects/small/p1050037_sm.jpg,/objects/thumbs/p1050037_th.jpg
/objects/P1050041.JPG,/objects/small/p1050041_sm.jpg,/objects/thumbs/p1050041_th.jpg
/objects/P1050042.JPG,/objects/small/p1050042_sm.jpg,/objects/thumbs/p1050042_th.jpg
/objects/P1050047.JPG,/objects/small/p1050047_sm.jpg,/objects/thumbs/p1050047_th.jpg
/objects/P1050050.JPG,/objects/small/p1050050_sm.jpg,/objects/thumbs/p1050050_th.jpg
/objects/P1050054.JPG,/objects/small/p1050054_sm.jpg,/objects/thumbs/p1050054_th.jpg
/objects/P1050056.JPG,/objects/small/p1050056_sm.jpg,/objects/thumbs/p1050056_th.jpg
/objects/P1050082.JPG,/objects/small/p1050082_sm.jpg,/objects/thumbs/p1050082_th.jpg
/objects/P1050084.JPG,/objects/small/p1050084_sm.jpg,/objects/thumbs/p1050084_th.jpg
/objects/P1050086.JPG,/objects/small/p1050086_sm.jpg,/objects/thumbs/p1050086_th.jpg
/objects/P1050090.JPG,/objects/small/p1050090_sm.jpg,/objects/thumbs/p1050090_th.jpg
/objects/P1050096.JPG,/objects/small/p1050096_sm.jpg,/objects/thumbs/p1050096_th.jpg
/objects/P1050121.JPG,/objects/small/p1050121_sm.jpg,/objects/thumbs/p1050121_th.jpg
/objects/P1050127.JPG,/objects/small/p1050127_sm.jpg,/objects/thumbs/p1050127_th.jpg
/objects/P1050133.JPG,/objects/small/p1050133_sm.jpg,/objects/thumbs/p1050133_th.jpg
/objects/P1050137.JPG,/objects/small/p1050137_sm.jpg,/objects/thumbs/p1050137_th.jpg
/objects/P1050142.JPG,/objects/small/p1050142_sm.jpg,/objects/thumbs/p1050142_th.jpg
/objects/P1050148.JPG,/objects/small/p1050148_sm.jpg,/objects/thumbs/p1050148_th.jpg
