subject,count,link
"jing head",585,"http://localhost:4000/shadowfigures/browse.html#jing%20head"
"chou head",425,"http://localhost:4000/shadowfigures/browse.html#chou%20head"
"sheng head",392,"http://localhost:4000/shadowfigures/browse.html#sheng%20head"
"male body",293,"http://localhost:4000/shadowfigures/browse.html#male%20body"
"dan head",191,"http://localhost:4000/shadowfigures/browse.html#dan%20head"
"property",142,"http://localhost:4000/shadowfigures/browse.html#property"
"creature head",72,"http://localhost:4000/shadowfigures/browse.html#creature%20head"
"female body",71,"http://localhost:4000/shadowfigures/browse.html#female%20body"
"figure",45,"http://localhost:4000/shadowfigures/browse.html#figure"
"creature",30,"http://localhost:4000/shadowfigures/browse.html#creature"
"child body",13,"http://localhost:4000/shadowfigures/browse.html#child%20body"
"figures",12,"http://localhost:4000/shadowfigures/browse.html#figures"
"text",1,"http://localhost:4000/shadowfigures/browse.html#text"
"brush pen",1,"http://localhost:4000/shadowfigures/browse.html#brush%20pen"
